Topic,Count,Name,Representation,Representative_Docs
-1,75605,-1_thriller_comedy_drama_fiction,"['thriller', 'comedy', 'drama', 'fiction', 'horror', 'john', 'michael', 'fantasy', 'romance', 'jack']","[""TITLE: I Saw What You Did\nGENRES: Thriller, Horror, Drama\nYEAR: 1988\n\nPLOT FRAGMENT (3/4):\nAfter she drives away, Stephen drops by and informs him that he informed Robyn about his mental problems. Back at home, Louis and his friends finally drop by Kim's house to pick up Lisa. Not wanting to ditch Kim, she decides not to go with him. Kim still feels hurt, though, for finding out Lisa only used her for meeting friends, and Lisa soon leaves. Meanwhile, Adrien is on his way to Kim's house, but a policeman is behind him, trying to pull him over for speeding. After successfully losing him, he soon arrives at Kim's house. Upon confronting her, she admits she prank called him. They are interrupted by a phone call from Lisa, informing Kim that she just heard on the news that Adrien murdered his girlfriend and that he is now presumed dead. Kim tries to warn the police, but Adrien stops her, setting the house on fire. Julia attempts to go out, but Kim stops her, explaining that Adrien is outside, not knowing that he is in fact inside. He attempts to kill Kim, but she and Julia are eventually able to get outside. After Kim and the police arrive, they witness Adrien running outside, burning alive. One night, after the incident is over, Kim receives a phone call from Stephen, who"", 'TITLE: S. Darko\nGENRES: Thriller, Crime Fiction, Science Fiction, Supernatural, Psychological thriller, Mystery, Coming of age, Fantasy, Teen\nYEAR: 2009\n\nPLOT FRAGMENT (2/5):\na party, where he tells her of his brother who went missing and how hard it has been on his family. Future Samantha stands in the middle of a road and is nearly hit by a car; Justin sees her and is entranced. Her ghost takes him to the local nondenominational church and commands him to burn it down. The next day they find Justin\'s dog tags in the ashes of the church. Samantha runs into Jeremy, who is beginning to show signs of radiation exposure. Subsequently, Justin has begun working on forging a bunny-skull mask out of metal, saying he needs to help ""his princess."" Samantha wanders the town and soon encounters Randy and Corey. Samantha tells Corey how she wants to get out of town but the two get into a fight. Samantha runs away, and Randy\'s car is unexpectedly run into by another car, pushing his car into Samantha and killing her. Corey is full of anguish about her best friend\'s death. She finds a book about time travel as well as a story Samantha wrote as a child, entitled The Last Unicorn, about a princess and a boy named Justin. A boy appears, and commands Corey to come with him in order to save Samantha. She follows him to a cave where she goes through a portal that takes', 'TITLE: Wristcutters: A Love Story\nGENRES: Romantic comedy, Heaven-Can-Wait Fantasies, Indie, Fantasy, Comedy, Drama, Black comedy, Romance Film\nYEAR: 2006\n\nPLOT FRAGMENT (3/6):\nobsession with the people in charge, she reveals the nature of the mistake. She accidentally overdosed on heroin, with no intention of killing herself, and thus did not commit suicide. Eugene meets a young woman, Nanuk, whom he romances. Just as Mikal and Zia discuss their plans to leave Kneller\'s camp to resume their searches, another camper Yan ([[John Hawkes  emerges from the woods with news of Kneller\'s dog Freddy, who he claims is being held hostage by ""Messiah King"" and his hundreds of followers. Kneller, Zia, Mikal, and Yan set off in search of King and Kneller\'s dog. Along the way the group becomes lost, and end up bedding down for the night. Mikal and Zia, who are out gathering wood to keep a fire going, discover an ocean shore nearby, where they share a passionate night. In the morning, Kneller happens upon them lying together on the rocky shore littered with used condoms and syringes. The group continues and eventually reaches King\'s camp, which is a large cult compound filled with followers who are waiting for King to perform a ""real"" miracle – to separate his soul from his body. Kneller gains audience with King  to get his dog back, where Zia finds his ex-girlfriend,']"
0,22889,0_movies_age_drama_bollywood,"['movies', 'age', 'drama', 'bollywood', 'role', 'unknown', '04', 'documentary', 'musical', '08']","['TITLE: Kireedam\nRELEASE DATE: 2007-07-20\nGENRES: Drama\nRUNTIME: Unknown min\nBOX OFFICE: Unknown Box Office\nCAST PART 1: Trisha Krishnan as Divya (Age: 24); Santhanam as Balasubramaniam (Age: 27); Cochin Haneefa as Chellapaandi (Age: 56); Vivek as Unknown Role (Age: 45); Ajith Kumar as Shaktivel R. (Age: 36); M. S. Bhaskar as Unknown Role (Age: 57); Rajkiran as Unknown Role (Age: 52); Nellai Siva as Unknown Role (Age: N/A); Devadarshini as Unknown Role (Age: N/A)\nCONTENT TYPE: Movie Technical Specs and Cast List.\n', 'TITLE: Hoppet\nRELEASE DATE: Unknown date\nGENRES: Drama\nRUNTIME: Unknown min\nBOX OFFICE: Unknown Box Office\nCAST PART 1: Cast details unavailable\nCONTENT TYPE: Movie Technical Specs and Cast List.\n', 'TITLE: Aadu Puli Atham\nRELEASE DATE: Unknown date\nGENRES: Thriller, Action, Drama\nRUNTIME: 143.0 min\nBOX OFFICE: Unknown Box Office\nCAST PART 1: Kamal Haasan as Unknown Role (Age: N/A); Rajnikanth as Unknown Role (Age: N/A); Sripriya as Unknown Role (Age: N/A)\nCONTENT TYPE: Movie Technical Specs and Cast List.\n']"
1,10491,1_vikram_krishna_bollywood_kumar,"['vikram', 'krishna', 'bollywood', 'kumar', 'sandhya', 'singh', 'indian', 'mumbai', 'shekhar', 'tamil']","['TITLE: Qayamat Se Qayamat Tak\nGENRES: World cinema, Action/Adventure, Musical, Drama, Romantic drama, Romance Film, Bollywood\nYEAR: 1988\n\nPLOT FRAGMENT (2/3):\nhis dreams. In a twist of fate, Raj and his buddy go to Dhanakpur to clear his family\'s land deal. While returning home, Raj falls for Rashmi , a relative of Raghuveer Singh. Raj sneaks into Rashmi\'s birthday bash. The two meet again at a holiday spot. They become lost in the forest and fall in love while finding a way out together. Raj finds out about Rashmi\'s family but is unable to tell her the truth. When Randhir Singh, Rashmi\'s father, finds out about the affair, he immediately arranges Rashmi\'s wedding. The two lovers take on their families and elope, dreaming of an idyllic life together. Furious, Randhir hires a contract killer to kill Raj. The lovers have a brief interval of happiness. They stay in a deserted fort, happy in their own paradise. When Randhir gets to know their whereabouts, he goes there to bring Rashmi home and ensure that Raj is killed. Randhir\'s mother does not wish for this so she goes to Dhanraj and tells him to save them. Raj leaves the fort to bring some wood for their house. While Raj is away, Randhir meets with Rashmi and tells her to come home; he has ""accepted their love"". Rashmi is overjoyed at her father\'s words, not knowing the truth. In the', ""TITLE: Raam\nGENRES: Comedy film\nYEAR: 2009\n\nPLOT FRAGMENT (1/4):\nRam ,a final year B.E student studying in Bellary comes to visit his joint family in Mysore in the vacation. His cousin's marriage is fixed. But his cousin loves another NRI Boy . Knowing this Raam helps his cousin to get her married to her lover. His uncle gets angry and throws him out of the house. He goes back to his university. He sees a girl  and falls in love at first sight. His friend gets depressed on losing his lady love as her parents disapproved their marriage and fixed her marriage with another boy. Ram decides to bring her and get her married to her friend. He goes to R.R. Kalyana Mantapa kidnaps the bride unconscious and brings her. And later gets to know that he has kidnapped the wrong bride. When Ram saw the girl he becomes happy for it was the girl Pooja  he loved. When she gained conscious she is extremely happy as she did not wanted to get married. She forces Ram and his Friends to leave her to the Bus stand. To escape from the goon Ram and pooja gets lost in the forest. They find the way out of the forest and leaves her to the Bus Stand where he meets his friend. They leave Pooja and carry on. She calls her friend and gets to know that it takes 15 days for her"", ""TITLE: Yeh Hai Jalwa\nGENRES: Musical, World cinema, Bollywood, Comedy\nYEAR: 2002\n\nPLOT FRAGMENT (1/5):\nThe story is about orphaned Raju  a business man in India. Whilst his mother died when he was very young, his father had already left her. At work, Raju witnesses Rajesh Mittal  winning an award on TV. Raju realizes that Rajesh is none other than his dad, and leaves immediately for London. At the airport, he meets Sonia Singh  who has too much luggage and tries to get Raju to hold it. Raju understands her plan, and it backfires on Sonia. The two then begin to believe they love each other. After this, Raju finds Rajesh and tells him the truth. He then finds out that Rajesh is already married to Smitha  and has two kids, Rinkie  and Bunty. Rinkie is about to get married to Vicky  but she is unaware of his drug dealings. Raju gives Rajesh eight days to break the news to his family and call Raju his son or he’ll tell the family himself. After he leaves, Rajesh gets afraid, and hires gangsters to attack him. On his way out, Raju gets beat up by the hired gangsters, though later rescued by Shera , also an Indian living in London. He saves Raju from getting beat up, and helps him as well. He advises Raju to go into Rajesh's house as a family friend, and that he should get to know the""]"
2,4946,2_jin_kung_martial_wong,"['jin', 'kung', 'martial', 'wong', 'samurai', 'zhang', 'chinese', 'feng', 'ming', 'chen']","['TITLE: The Karate Kid\nGENRES: Action/Adventure, Japanese Movies, Family Drama, Remake, Sports, Martial Arts Film, Drama, Family Film, Action, Chinese Movies\nYEAR: 2010\n\nPLOT FRAGMENT (2/4):\npeace. Li, who teaches his students to show no mercy to their enemies, challenges Dre to a fight with Cheng. When Han declines, Li says they will not be allowed to leave his school unless Dre or Han fights. Han acquiesces, but insists the fight take place at an upcoming tournament, and that Li\'s students leave Dre alone until the tournament. Li agrees, but tells Han that if Dre does not show up during the tournament he will personally bring pain to Han and Dre. Dre is shocked when Han tells him that he will fight in a kung fu tournament. Han promises to teach Dre ""real"" kung fu. Han begins training Dre, but Dre is frustrated that Han merely has him spend hours taking off his jacket, hanging it up, dropping it and putting it on again. After days of this, Dre refuses to continue until Han demonstrates that the repetitive arm movements were Han\'s method of teaching Dre martial arts techniques, which Dre displays instinctively when prompted by Han\'s mock attacks. Han emphasizes that the movements Dre is learning apply to life in general, and that serenity and maturity, not punches and power, are the true keys to mastering the martial arts. As Dre\'s friendship with Mei Ying continues,', ""TITLE: Ninja in the Dragon's Den\nGENRES: Martial Arts Film, Chinese Movies\nYEAR: 1982\n\nPLOT FRAGMENT (1/2):\nIn Japan of the Tokugawa Ieyasu period, a young ninja named Jin Wu  wantonly kills samurai and other government officials, leaving his clan to face the blame. When they start hunting him down, Jin Wu and his wife Akane sail to China both to escape their wrathful kinsmen, and for Jin Wu to complete revenge by finding the last man he holds responsible for his father's death. That man, Fukuda, leads a peaceful life as a mirror maker under the name of Uncle Foo. He has a young protégée, however: Jay , a smug martial artist who constantly tries to prove himself by taking up every opportunity to fight. Jay also constantly teases his lecherous servant Chee  and takes few things very seriously. However, as he sees his surrogate father attacked, Jay immediately rushes to his aid, but during several clashes he has to find out that he and the ninja are evenly matched. Eventually, it is revealed that Jin Wu’s father was not killed by his clan members; he had died as a hero in a rebellion instead. Ashamed of his own cowardice in escaping to China years before following that attempted uprising, Foo makes peace with Jin. But before their final encounter, Foo took poison to restore his honor by"", ""TITLE: Vengeful Beauty\nGENRES: Martial Arts Film, Chinese Movies\nYEAR: 1978\n\nPLOT FRAGMENT (1/1):\nAs the trained Flying Guillotine assassins secretly working for the Emperor begin their attacks, one of the assassins  is caught by local security forces. Flying Guillotine leader Jin Gang-feng  is ordered to kill every witness including the prison interrogator and his family to keep the assassins a secret. Rong Qiu-yan  returns home to find her dead husband and immediately fingers Gang-feng. With her superior kung fu, she nearly kills him, but retreats to protect her unborn child. Now Gang-feng is in deep trouble. He's told the Emperor under threat of execution that all witnesses are dead. In order to keep his head, Gang-feng turns to his three adult children to quickly hunt down and kill Qiu-yan who is now attempting to reach her uncle. As the hunt begins, Qiu-yan hooks up with a former Flying Guillotine member named Ma Seng  and her old martial brother Wang-jun  who both help her along the way and become rivals in their love for her.""]"
3,3060,3_thriller_suspense_gangster_crime,"['thriller', 'suspense', 'gangster', 'crime', 'killer', 'detective', 'fiction', 'suspect', 'robbery', 'detectives']","[""TITLE: Armored Car Robbery\nGENRES: Crime Fiction, Thriller, Gangster Film, Heist, Caper story, Black-and-white, Drama, Crime Thriller, Film noir\nYEAR: 1950\n\nPLOT FRAGMENT (1/2):\nMastermind Dave Purvis ([[William Talman  is a professional criminal who devises a scheme to rob an armored car on its last pickup of the day. He recruits Benny McBride to his gang of thieves. Benny needs money because Yvonne , his striptease artist wife, has lost interest in him and is seeing another man. But the man she is two-timing Benny with turns out to be Purvis. The robbery itself, at Wrigley Field in Los Angeles, begins as planned but then goes badly wrong when a passing police patrol car intervenes. Purvis kills one of the police officers from the patrol car and he and his fellow robbers make their getaway. Lt. Jim Cordell , the dead policeman's partner, takes it upon himself to bring in his partner's killer and throws himself into the case, assisted by a rookie offsider. Meanwhile, Purvis's gang unravels bit by bit as distrust and paranoia begins to build. Benny, wounded by police during the heist, is killed by Purvis as he demands his share of the loot from the robbery and attempts to seek medical help. Gang member Al Mapes ([[Steve Brodie  gets away and looks up Yvonne at the Burly Q where she works, intending to use her as a means to find Purvis, who has kept all the"", ""TITLE: Judgment Night\nGENRES: Thriller, Crime Fiction, Japanese Movies, Psychological thriller, Action/Adventure, Crime Thriller, Action Thrillers, Action\nYEAR: 1993\n\nPLOT FRAGMENT (6/7):\nthe remaining members of Fallon's gang find the body of Sykes. A comment made by one of the gang members annoys Fallon and he drowns him. While hiding once more in an abandoned building, the three remaining friends see a bus and try to flag the driver down. The driver sees them but, thinking they are trouble, decides to drive off leaving them behind. Searching for help, the guys find a swap meet and Mike breaks a window in the hopes it will trigger the alarm and bring the police. Shortly afterwards, they realize that Fallon has found them once more. The last remaining member of Fallon's gang, Rhodes ([[Everlast  is shot dead by Mike, but in the process Mike is shot in the stomach. John goes to help Mike but Fallon shoots him in the leg. Frank leads the wounded Mike and John to a bathroom closet where they hide. Frank gets to the security office and activates a silent alarm. Knowing that the three can run no longer, Frank draws out Fallon, leading him away from the wounded Mike and John. After a struggle between the two, Frank pushes Fallon off the stairs, causing him to fall to his death. Afterwards the police arrive, and Frank takes them to where his friends are. The movie ends"", ""TITLE: Cowboys & Aliens\nGENRES: Thriller, Science Fiction, Adventure, Science fiction Western, Action/Adventure, Western, Fantasy, War film, Drama, Action\nYEAR: 2011\n\nPLOT FRAGMENT (4/5):\nafter she was used in an alien experiment, but he escaped, inadvertently stealing the alien weapon in the form of a gauntlet. He could also remember the location of the aliens' base of operations. Armed with this knowledge, the group, now led by Dolarhyde, prepares to attack the aliens' grounded mothership. Jake returns to his old gang and persuades them to join the fight. In a sneak attack, the humans breach the spaceship by destroying the shuttle bay, forcing the aliens into a ground battle. Jake and Ella board the ship and free the captives, but Jake is captured. Dolarhyde rescues him and both men escape the ship after killing the alien responsible for Alice's death. As the remaining aliens are taking off in their damaged craft, Ella sacrifices herself, destroying the ship using Jake's gauntlet. Jake's memory partially returns, and some abducted townsfolk begin to remember their past. Still a wanted man, Jake decides to leave; the sheriff and Dolarhyde say they will claim that he was killed in the invasion. The citizens intend to rebuild the town with the expectation that the newly discovered gold mine will soon bring many new settlers. Jake kindly rejects Dolarhyde's offer to""]"
4,2925,4_outlaws_outlaw_roy_johnny,"['outlaws', 'outlaw', 'roy', 'johnny', 'marshal', 'ollie', 'linus', 'jim', 'sheriff', 'wild']","['TITLE: How the West Was Won\nGENRES: Adventure, Epic Western, Epic, Western, Drama, Romance Film, Action\nYEAR: 1962\n\nPLOT FRAGMENT (4/6):\nto rid the South of two of its greatest enemies and tries to shoot them, leaving Zeb no choice but to stab and kill him. Afterwards, Zeb rejoins the army. When the war finally ends, he returns home, only to find his mother has died. She had lost the will to live after learning that Linus had been killed. Zeb gives his share of the family farm to his brother, who is more tied to the land, and leaves in search of a more interesting life.   Following the daring riders from the Pony Express and the construction of the transcontinental telegraph line in the late 1860s, two ferociously competing railroad lines, the Central Pacific Railroad and the Union Pacific Railroad, one building west and the other east, open up new territory to eager settlers. Zeb becomes a lieutenant in the U.S. cavalry, trying to maintain peace with the Indians with the help of grizzled buffalo hunter Jethro Stuart , an old friend of Linus. When ruthless railroad man Mike King  violates a treaty by building on Indian territory, the Arapaho Indians retaliate by stampeding buffalo through his camp, killing many, including women and children. Disgusted, Zeb resigns and heads to Arizona. An entire subplot starring', 'TITLE: Station West\nGENRES: Western, Film noir, Black-and-white\nYEAR: 1948\n\nPLOT FRAGMENT (1/1):\nTwo soldiers have been robbed and murdered while guarding a shipment of gold. Into town rides Haven, a military intelligence officer traveling incognito. A beautiful saloon singer catches Haven\'s eye. After he meets Mrs. Caslon, who owns the gold mine, Haven hears that someone called ""Charlie"" is the brains behind the scenes. He finds out to his surprise that Charlie is the singer. Charlie\'s lawyer, Bristow, is $6,000 in her debt and therefore might be involved in the gold theft. Haven beats up Charlie\'s saloon bouncer in a fight and is offered a job as transport chief for the gold. On the stagecoach, driver Goddard is killed and Haven knocked cold. Bristow comes to kill him, but Haven gets the upper hand. Bristow is shot by men named Prince and Marion. After persuading the sheriff to arrest him for the crime, Haven escapes, shoots Marion and learns that Charlie\'s men plan to disguise themselves as military officers to steal more of Mrs. Caslon\'s gold. Prince sneaks up intending to shoot Haven, but his bullet hits Charlie instead. Haven does away with Prince and rushes to Charlie\'s side. She tells Haven she loves him before dying in his arms.', ""TITLE: The Outlaw\nGENRES: Action/Adventure, Western, Action, Biopic [feature]\nYEAR: 1943\n\nPLOT FRAGMENT (1/4):\nSheriff Pat Garrett ([[Thomas Mitchell  welcomes his old friend Doc Holliday  to Lincoln, New Mexico. Doc is looking for his stolen horse and finds it in the possession of Billy the Kid . Despite this, the two gunfighter take a liking to each other, much to Pat's disgust. This does not prevent Doc from trying to steal the horse back late that night, but Billy is waiting for him outside the barn. Billy decides to sleep in the barn, and is shot at. He overpowers his ambusher, who turns out to be curvaceous young Rio McDonald , out to avenge her dead brother. The next day, a stranger offers to shoot Pat in the back while Billy distracts the lawman. However, he is only setting the Kid up. Billy, suspicious as always, guns him down just before getting shot himself. There are no witnesses, and Pat tries to arrest Billy. Pat does not understand when Doc sides with the Kid. As the pair start to leave, Pat shoots Billy, forcing Doc to shoot the gun out of his hand and kill two of Pat's men. Doc takes Billy to the home of Rio and her aunt, Guadulupe . With a posse out searching, Doc rides away. Instead of killing the unconscious Kid, Rio instead nurses him back to health, a process that""]"
5,1737,5_dracula_undead_horror_demonic,"['dracula', 'undead', 'horror', 'demonic', 'vampire', 'haunted', 'vampires', 'demons', 'halloween', 'supernatural']","[""TITLE: Dracula: Dead and Loving It\nGENRES: Parody, Horror, Absurdism, Comedy, Slapstick, Horror Comedy\nYEAR: 1995\n\nPLOT FRAGMENT (3/4):\nher to be his undead bride throughout eternity. He spirits her away to Carfax Abbey, where they dance, and he sucks her blood. The following morning, she is unusually frisky, and tries to seduce the prudish Jonathan. Van Helsing becomes suspicious at this strange behavior. Noticing a scarf around Mina's neck, he removes it, revealing two puncture marks. Van Helsing devises a plan to reveal Count Dracula's secret identity. He invites the Count to a ball, and places a huge mirror, covered with a curtain, on one of the walls. The curtain over the mirror is dropped, and guests are stunned to see that Dracula has no reflection. Dracula grabs Mina and escapes out a window. Van Helsing deduces that Renfield is Dracula's slave, and thus might know where he keeps his coffin. He lets him out of his cell, and the three men secretly follow him to Dracula's lair. Once discovered, the Count locks himself in a room to finish making Mina his bride. His pursuers break down the door, and they fight. Van Helsing, noticing sunlight creeping into the room, starts opening the blinds. As his body begins to burn, Dracula transforms himself into a bat to flee, but is inadvertently killed by the inept"", ""TITLE: Count Dracula\nGENRES: Horror\nYEAR: 1970\n\nPLOT FRAGMENT (4/5):\nand insects in order to consume their life, believing that with each life he consumes he gains that life. He also seems to act violently whenever Dracula is around. Lucy eventually dies while her men helplessly look on. As Van Helsing suspected, Lucy has become one of the undead and murders a young child, but the ordeal is put to an end when Quincey, Seward and Van Helsing ambush Lucy in her tomb, stake her through the heart and decapitate her. Harker, now in full health, comes around and joins the group who now are sure that Count Dracula is their vampire. Dracula then turns his attention to Mina and begins corrupting her as well. Around this time, Van Helsing suddenly has a stroke and remains in a wheelchair. Dracula visits the weakened man, mocking his attempts to destroy him. Quincey, Harker and Seward track Dracula to an abandoned abbey, only to find out he has fled back to Transylvania with the aid of a traveling Gypsy band. As Count Dracula's Gypsy servants take him back to his castle, he is trailed by Harker and Quincey. After battling the Gypsies, the two heroes find Dracula's coffin and set it on fire. Dracula, unable to save himself due to the sun still being up, is"", ""TITLE: Dracula: Dead and Loving It\nGENRES: Parody, Horror, Absurdism, Comedy, Slapstick, Horror Comedy\nYEAR: 1995\n\nPLOT FRAGMENT (2/4):\nwith Lucy and, later that night, enters her bedroom and feeds on her blood. The next day, Mina discovers Lucy still in bed late in the morning, looking strangely pale. Seward, puzzled by the odd puncture marks on her throat, calls in an expert on obscure diseases, Dr. Abraham Van Helsing . Van Helsing informs the skeptical Dr. Seward that Lucy has been attacked by a vampire. After some hesitation, Seward and Harker allow garlic to be placed in Lucy's bedroom to repel the vampire. Dracula uses mind-control to make Lucy leave her room, and kills her in the garden. Van Helsing meets Dracula and begins to suspect him of being the local vampire. Lucy, now a vampire herself, rises from her crypt, drains the blood from her guard, and tries to attack Harker. Van Helsing rushes in just in time and chases her back to her coffin with a crucifix. Jonathan drives a stake into Lucy's heart, allowing her to at last rest in peace. Dracula's next victim is Mina, but he has bigger plans for her; he wants her to be his undead bride throughout eternity. He spirits her away to Carfax Abbey, where they dance, and he sucks her blood. The following morning, she is unusually frisky, and tries to seduce""]"
6,1618,6_enrique_mario_alberto_maria,"['enrique', 'mario', 'alberto', 'maria', 'lorenzo', 'maría', 'juan', 'carlos', 'vito', 'roberto']","[""TITLE: Embrace Me Tightly\nGENRES: World cinema\nYEAR: 2001\n\nPLOT FRAGMENT (2/3):\nleaves Cristina blind, in order to have Cristina's fortune. Federico is happy about the arrival of his nephew Carlos Manuel to the hacienda. He is a young, handsome, and daring man who has recently completed his studies of medicine overseas. Carlos Manuel falls in love with Déborah Falcón, without knowing that she is the lover of his uncle. When Federico finds out about this relationship, he opposes it and separates Déborah from his nephew. Meanwhile, from the moment she meets Carlos Manuel, María del Carmen falls in love with him—the two end up together, provoking hate in Déborah, who, along with Federico, tries to separate the young couple. They achieve is the separation of the two lovers, but they aren't able to destroy the love that Maria del Carmen and Carlos Manuel feel for each other. Carlos Manuel finally has his teacher, friend, and specialist in ophthalmology review Cristina's case of blindness to see if he can operate on her. Dr. Angel Luis Robles secretly falls in love with Cristina and has a great interest in helping Cristina recover her sight again. The two form a very special friendship and love despite Cristina's marriage to Frederico. Until his untimely demise,"", ""TITLE: Celos\nGENRES: Romantic drama, Romance Film, Drama, World cinema\nYEAR: 1999\n\nPLOT FRAGMENT (2/4):\nhim. Unconvinced, Antonio visits Carmen's best friend, Cinta, a salesgirl in a shoe shop. She tells him that the guy was José—someone she, not Carmen, bedded. But Antonio is still suspicious. Knowing that Cinta is a big flirt now in a relationship with her boss after dumping Luis, Antonio does not really believe her. Consumed by increasing jealousy Antonio explodes and violently confronts Carmen who breaks up their engagement the same day she was trying out her wedding gown. Remorful of his actions, thinking that he went way too far, Antonio recruits the help of Luis and Cinta to ask Carmen to forgive him. Carmen still loves Antonio and they get back together. Though eaten up with jealousy, Antonio goes ahead and marries Carmen, who tries to distract him with passionate sex and promises that she wants only to be a perfect wife and get pregnant. The couple happily settle into their new home. However, once he is back on the road with his truck, Antonio plods ahead with his investigation into José's identity. From then on, he would not stop until he finds who is the man in the photograph and what was his relationship with Carmen. Antonio wants to know the truth that he feels"", ""TITLE: Luna Caliente\nGENRES: Thriller, Erotic Drama, Drama, World cinema\nYEAR: 2009\n\nPLOT FRAGMENT (2/3):\nhe takes her initial favorable response as an invitation to go further. He rapes her. Since Ramona's mother is sound sleep and her father is by then drunk nobody hear her cries for help. Juan, who believes he has killed the girl, frightened out of the house and tries to leave when he is surprised by his host, who knows nothing about what happened, and drunk as he is wants to go with him to a nearby brothel. Juan is unable to resist Dr Miniente insistence once he is inside the car and reluctantly agrees to give him a ride to a brothel. At one point they are stopped and interrogated by civil guards but are allowed to go their way. Dr Mininente insists that he wants to party even tough the sun is already risen. A heavy argument between the two men ends with the desperate Juan brutally hitting his heavily drunk friend. Juan leads the car to the side of a bridge, places his friend at the steering wheel and makes the car fall into the river. By early morning, Juan returns to his mother’s house hitchhiking. His sister Cristina, a secret member of the illicit communist party, is following the news of the military trial against the members of ETA. Ramona looks for Juan. He apologizes but""]"
7,1307,7_lgbt_gay_homosexuality_comedy,"['lgbt', 'gay', 'homosexuality', 'comedy', 'sexuality', 'david', 'sexual', 'drama', 'romance', 'sex']","[""TITLE: Leaving Metropolis\nGENRES: LGBT, Ensemble Film, Indie, Gay, Gay Interest, Drama, Gay Themed, Romantic drama\nYEAR: 2002\n\nPLOT FRAGMENT (1/3):\nDavid  is a well-known artist who is blocked. He decides to take a job as a waiter to try to find inspiration. His friend and roommate Shannon , a pre-op male-to-female transsexual, stumbles across the Main St. Diner, owned by Matt  and Violet , who are looking for a waiter. David gets hired and quickly becomes close with the couple although they don't know of his standing in the art community and are surprised to learn that he's gay. David's friend Kryla , a columnist for the Winnipeg Tribune, tracks David down at the diner against his wishes. An annoyed David demands that she write up the diner in her column, which she does. The diner's business picks up considerably. Shannon, whose sex reassignment surgery has been repeatedly delayed because of her HIV-positive status, begins to become ill. David has a painting installed and Kryla gets his photo in the paper. Matt and Violet see the photo and realize that he's famous. David and Matt start hanging out. Matt, who had tried his hand at drawing comic books, pesters David to show him his paintings but David resists. Matt confesses that he had once fallen in love with another man in college although he hadn't acted on it. David,"", ""TITLE: Scenes of a Sexual Nature\nGENRES: Romantic comedy, Ensemble Film, LGBT, Drama, Comedy, Romantic drama, Romance Film\nYEAR: 2006\n\nPLOT FRAGMENT (3/4):\nbut she becomes annoyed with him. She suddenly orders him to have sex with her right away but subsequently leaves him with his pants around his knees. Noel re-appears in the film several times as he chances upon other characters. Gay life-partners Billy  and Brian  are also lying on the grass, discussing other gay men and The Good Life. Billy has trouble giving up casual sex with other men, while Brian wants him to be faithful to him. They later talk about adopting children, which Billy wants but Brian doesn't. Billy promises to give up casual sex when the two adopt children, which convinces Brian to think about it. However, seconds later Billy runs off in pursuit of an attractive man who passed them. Peter Brian Maxwell  and Sara Louise Williams  meet on a different bench. It transpires that they are married and have a seven-year old daughter, Eve , but are getting divorced from each other. However, they have mixed feelings about this because they still care for each other. Louis  meets Esther  and discusses Louis' father's funeral. Louis presents Esther with tickets for a holiday in Barbados. They discuss a variety of issues like a traditional couple, but in the end it"", 'TITLE: Edge of Seventeen\nGENRES: LGBT, Comedy-drama, Gay, Gay Interest, Coming of age, Comedy, Gay Themed, Drama, Teen\nYEAR: 1999\n\nPLOT FRAGMENT (3/4):\n""fag hag"", and leaves. He follows Maggie, but she is really upset at Eric for previously leading her on. Eric goes back to the club to find Jonathan, only to discover that he is already gone. He goes to the Ohio State dorms in hopes of finding him, but decides to find Rod instead. They go back to Rod\'s room where they end up having sex for the first time. Eric is shown to be uncomfortable during it, and leaves after Rod falls asleep. When Eric goes home, he is ambushed by his mother, Bonnie, about his recent behavior and appearance, and says that people are getting the wrong idea about him. Eric leaves, and goes to see Angie. While at her house, Angie explains to Eric that it\'s difficult to accept yourself for who you really are, and that he should give himself some time. He reconciles with Maggie in order to have a normal heterosexual relationship, but quickly realizes that it was a mistake after sleeping together. Crestfallen at his rejection and his willingness to toy with her affections, Maggie ends the friendship. After she leaves, Eric\'s mother confronts him about a pair of matches she found in his clothes that were from the bar. He quickly denies ever going to the']"
8,977,8_cartoon_jerry_tom_mouse,"['cartoon', 'jerry', 'tom', 'mouse', 'animated', 'fudd', 'mice', 'animation', 'hare', 'rabbit']","['TITLE: Haunted Mouse\nGENRES: Children\'s/Family\nYEAR: 1965\n\nPLOT FRAGMENT (3/4):\nand fish Tom has ever eaten. He climbs back into Tom\'s palm and releases the spell. Tom releases the mouse and falls backward in fright; then he hits the wall and a board falls on him. Jerry sets out for more food, but Tom has squeezed into the tiny elevator door. Tom pops out and chases Jerry for a minute, but then runs away briefly, thinking that it is the ""haunted mouse"". Tom takes a look at him and deduces that he is not the haunted mouse. Tom towers over Jerry and chases him back into his hole. Tom extends his arm into the hole, but all he gets is the visitor\'s hat. Then, a rabbit pops out and squeezes Tom\'s nose. Tom grabs it and drops it behind him, and a second rabbit comes out and kisses the cat\'s nose. The third rabbit pulls Tom\'s ear, and the fourth thing he pulls out is a sledgehammer. Tom hands it off to the rabbits as he shakes the hat to attempt to get more out of it. Then he turns around and the third rabbit, standing on top of the other two, hits him with the sledgehammer, who falls at the floor and his lump grows taller with an surrender flag on it. The ""haunted mouse"" shakes hands with Jerry and snaps his fingers, and ""The End"" appears in five different', 'TITLE: Tom-ic Energy\nGENRES: Short Film, Family Film, Animation\nYEAR: 0\n\nPLOT FRAGMENT (2/4):\nthe mouse. Jerry is traveling so fast that he bursts through Tom and opens his tail. Tom then ties the end of his tail and pursues the mouse. Jerry takes the chase out to the street and the chase is stopped by a red light to allow ""traffic"" which consists of other ongoing cat-mouse chases to pass. The light turns yellow and Tom and Jerry prepare to run like race cars at the starting line. Tom dashes off before the green light and Jerry whistles, then points at the lights, which are changing. Tom gets run over by a large red truck. Tom pursues the mouse around a street corner, braking themselves with their feet. Jerry stops behind an open manhole and signals for Tom to stop. Tom literally falls for it. Jerry then runs away, but Tom pops out of a second manhole as Jerry is passing over it, which keeps the mouse from going anywhere. However, the manhole cover twists Tom\'s head. Tom removes it and unwinds his head. Jerry spots Tom and manages to reach the outside of the manhole cover such that he hits Tom\'s nose upon every revolution. Tom clutches his nose in pain, but ends up dropping the manhole cover on his own foot. Tom lets out a loud bellow, and dances around in pain and sees', ""TITLE: Nit-witty Kitty\nGENRES: Short Film, Family Film, Animated cartoon\nYEAR: 1951\n\nPLOT FRAGMENT (3/4):\nof cheese that leads under the piano. Jerry has tied a string to the piano leg and when Tom walks under the piano, Jerry pulls the leg out of the piano causing it to fall. Again, Jerry's attempts miss. Tom continues the trail through a door and an iron barely misses him as well. Tom reaches a big piece of cheese and Jerry cuts a rope tied to an anvil. But the anvil cuts off the back of his skin and crashes through the floor, again missing him. Jerry sits down disgusted, he's tried everything.  Tom then gives Jerry a piece of cheese, but Jerry doesn't want it and throws it away. It lands in an egg cup on the shelf, which rolls and knocks a dish, which rolls into a laundry basket and into the broom. The broom falls over and releases a door which holds the ironing board which hits Tom on the head curing him of his amnesia. Jerry lets out a happy scream and runs to his mouse hole. He kisses Tom and then lies down on his bed to relax. Tom also lies down right outside Jerry's mouse hole. Jerry looks outside and sees Mammy  reading the medical book and holding a baseball bat whilst creeping stealthily towards the sleeping cat. She says she is going to cure Tom of his amnesia with a blow""]"
9,712,9_troops_military_soldiers_army,"['troops', 'military', 'soldiers', 'army', 'squadron', 'war', 'pilots', 'bomber', 'infantry', 'soldier']","['TITLE: Iron Eagle II\nGENRES: Thriller, Action/Adventure, Action Thrillers, Action, Adventure\nYEAR: 1988\n\nPLOT FRAGMENT (1/4):\nWhile on a routine patrol on United States airspace west of Alaska, pilots Matt ""Cobra"" Cooper and Doug ""Thumper"" Masters test the g-forces of their F-16C planes. Their antics get them carried away, as they stray over Soviet airspace. As they are being escorted back into U.S. airspace, one of the Soviet planes has Doug on missile-lock. This leads to a brief dogfight. In the ensuing battle, Matt loses control of his plane and is too late to save Doug, who is shot down by the Soviets. The next day, the U.S. Secretary of Defense publicly denies the incident, claiming a training accident caused by a fuel system malfunction killed Doug. At the United States Air Force Museum in Arizona, Col. Charles ""Chappy"" Sinclair is taken out of reserve duty and promoted to Brigadier General to lead ""Operation Dark Star"", a top-secret military operation. He meets up with Matt and the rest of the operation\'s selected pilots and soldiers at an undisclosed military base in Israel. The ragtag group is shortly joined by a group of Soviet pilots that comprise the other half of the operation, much to their dismay. During their briefing, it is revealed that an unnamed Middle Eastern country has completed', 'TITLE: We Were Soldiers\nGENRES: History, Action/Adventure, Drama, War film, Action, Combat Films\nYEAR: 2002\n\nPLOT FRAGMENT (3/5):\nCavalry units, Lt. Col. Moore manages to secure weak points before the Vietnamese can take advantage of such. On the second day, despite being trapped and desperately outnumbered, the main U.S. force manages to hold off the Vietnamese with artillery, mortars, and helicopter lifts of supplies and reinforcements. Eventually, enemy Vietnamese commander Nguyen Huu An orders a large scale attack to completely overrun the American position. At the point of breaking and being completely overrun by the enemy and with no option left, Moore orders his radioman to call in ""Broken Arrow"" . The aircraft attack with bombs, napalm and machine guns, massacring many NVA\'s and Viet Cong but an accident occurs dangerously close to Moore\'s men, killing some of Moore\'s soldiers but successfully repelling the second Vietnamese attack. After the Vietnamese forces are repelled, the surviving men of the stranded platoon, led by Sgt. Savage, are eventually rescued. Moore\'s troops regroup, secure the area, and stop at the base of a hill, where Moore surmises the Vietnamese division headquarters is holed up in tunnels. At the same time the Vietnamese commander plans a final assault on the Americans and sends', 'TITLE: We Were Soldiers\nGENRES: History, Action/Adventure, Drama, War film, Action, Combat Films\nYEAR: 2002\n\nPLOT FRAGMENT (2/5):\nand is ordered to take his 400 men after the enemy and eliminate the Vietnamese attackers, despite the fact that intelligence has no idea of the number of enemy troops. He leads a newly-created air cavalry unit into the Ia Drang Valley. After landing in the ""Valley of Death"", the soldiers learn that the location they were sent to is actually the base camp for a veteran North Vietnamese Army division of more than 4,000 men. Upon arrival in the area with a platoon of soldiers, 2nd Lt. Henry Herrick spots a scout, runs after him, and orders reluctant soldiers to follow. The Vietnamese scout lures them into an ambush, resulting in several men of the platoon being killed, including Lt. Herrick and his subordinates. The surviving platoon members are surrounded with no chance of retreat. Sgt. Savage assumes command and calls in artillery and uses the cover of night to keep the Vietnamese from over-running their small defensive position. Meanwhile, with helicopters constantly dropping off the Cavalry units, Lt. Col. Moore manages to secure weak points before the Vietnamese can take advantage of such. On the second day, despite being trapped and desperately outnumbered, the main U.S. force']"
10,707,10_christmas_santa_nativity_presents,"['christmas', 'santa', 'nativity', 'presents', 'holidays', 'gifts', 'holiday', 'gift', 'prince', 'reindeer']","['TITLE: Call Me Claus\nGENRES: Children\'s/Family, Family Drama, Holiday Film, Christmas movie, Drama, Family Film\nYEAR: 2001\n\nPLOT FRAGMENT (3/5):\nOne night, Nick goes to her house and tells her truthfully about his search. He tells her to close her eyes. When she opens them, she finds herself with Nick at the North Pole. Unbelievably still unconvinced, Lucy demands Nick send her home. Nick does so, and she wakes up thinking the North Pole had been a dream. She sees Nick on the couch and starts to tell him about the dream. Nick interrupts her to tell her it wasn\'t, and begs her again to put on the Santa hat and become Santa Claus. She still says no. Nick makes his final broadcast on Christmas Eve. In his closing statement, he says to never give up on Christmas spirit, and wishes everyone good luck. Lucy ponders why he says ""good luck."" After receiving a big thanks from the staff, Nick begins to head back to the North Pole without a successor and preparing for the flood with the elves. Before he leaves Los Angeles, he leaves the hat on Lucy\'s dresser, with a note that says it\'s never too late. When Lucy gets a ride back home from her boss, she begins to believe what Nick said about Christmas, and her role as Santa. Realizing her boss just wants money and could own Christmas, Lucy tells him to pull over, saying that no one', 'TITLE: The Santa Clause\nGENRES: Holiday Film, Christmas movie, Fantasy, Comedy, Family Film, Fantasy Comedy\nYEAR: 1994\n\nPLOT FRAGMENT (1/6):\nScott Calvin  is a 38-year-old divorced father and advertising executive for a toy company in the fictional city of Lakeside, Illinois with a young son, Charlie . On Christmas Eve, Charlie comes over to spend the night with Scott before going to his mother and stepfather\'s for Christmas Day. Scott attempts to assure Charlie of Santa Claus\' existence, while in full disbelief himself. That night, they are awakened by a clatter on the roof. Going outside to investigate, they can see someone on there. Scott yells at the trespasser, ""Hey, you!"", which causes him to lose his balance and fall off. He appears to be Santa Claus. After he lands he magically disappears, but his suit remains. They find a business card in a pocket stating that if something should happen to him, someone should put on the suit, and the reindeer will know what to do. They find his sleigh and eight reindeer perched on the roof. While trying to figure out how to explain all of this to people, Scott bumps his head on a ladder leading up to the roof. Scott puts on the suit to please Charlie, and begins delivering toys from house to house. Their final stop is the North Pole where the head elf, Bernard , shows him a', ""TITLE: The Santa Clause 2\nGENRES: Romantic comedy, Children's/Family, Holiday Film, Christmas movie, Fantasy, Comedy, Family Film, Fantasy Comedy\nYEAR: 2002\n\nPLOT FRAGMENT (4/5):\nshe balks when he attempts to explain that he is Santa, believing that he is mocking her childhood, until Charlie manages to convince her by showing her his magic snow globe. Curtis flies in to deliver the dreadful news about the Evil Toy Santa's coal binge and urges him to return to the North Pole to save Christmas. Unfortunately, Scott has used up the last of his magic wooing Carol, Comet has eaten too many chocolate bars and Curtis' jetpack has been destroyed upon arrival. After convincing the Tooth Fairy that he is Santa Claus, the Tooth Fairy flies Scott and Curtis back to the North Pole but they are captured by the toy soldiers. Toy Santa wastes no time in tying him up with Curtis, but Charlie and a now-believing Carol spring him free by summoning the Tooth Fairy to fly them there after Charlie lost a tooth. He goes after Toy Santa, who has already left with the sleigh, riding Chet, a reindeer-in-training, and they both battle over the reindeer. With an army of elves, Carol, Bernard, Charlie, and Curtis lead a snowball war to overthrow the toy soldiers. During the battle, Toy Santa and Scott accidentally causes the sleigh to crash back into the village . Toy Santa is""]"
11,701,11_pet_dogcatcher_beagle_bulldog,"['pet', 'dogcatcher', 'beagle', 'bulldog', 'animal', 'canine', 'animals', 'dog', 'sheepdog', 'chihuahua']","[""TITLE: Mist: The Tale Of A Sheepdog Puppy\nGENRES: Family Film, Family Drama, Drama, Children's/Family\nYEAR: 2006\n\nPLOT FRAGMENT (2/8):\nwere simple ;the first one to blink loses and Mist wins rest of the dogs are Swift's broad headed son Ernie; Mist's miserable pointy eared Auntie Fern; and the large eccentric Uncle Jake and Sir Gregory who gives a rousing speech about how privileged the new litter are to be sheepdogs, before revealing that the Boss, who takes care of all the dogs and the fields of Borough Farm, is going to keep one of the puppies to train them as a sheepdog, much to Fern's chagrin. Over the next few days, Gail stays with the puppies and keeps them warm and feeds them. One day, the puppies discover they can finally see the world, and excitedly look around the barn. Mist looks out of a nearby window and sees a flock of sheep pass the window, but doesn't know what they are. She points them out to Storm and Drift, but by the time they come to the window, the sheep are gone. They think Mist is making it up, and playfully wrestle each other around the barn. This soon tires them out, and they slowly fall asleep side by side. The other Borough Farm dogs soon take it in turn to dogsit the puppies in the barn; Jake excitedly plays with them; Mist has a staring competition with Swift and Ernie; and Auntie"", 'TITLE: Carnival Capers\nGENRES: Short Film, Animation\nYEAR: 1932\n\nPLOT FRAGMENT (2/3):\nfirst to go as the marsupial launches her high in the air where she lands and slides onto a series of animals. In the end, however, she was nabbed by the pit bull. Oswald comes to her assistance by picking up a bow and shooting arrows at the pit bull\'s back. In this, the large dog drops the girl beagle and sets sights on the rabbit. Running from the pit bull, Oswald climbs and crawls through a small hole in the fence. The large dog attempts to get through too, only to get stucked half-way. The rabbit then draws a picture of a rat on the pit bull\'s rear, attracting a stray cat and then a hound. Both of which went in a mauling fashion. Eventually, the pit bull was able to get out of the situation and continues pursuing Oswald. Oswald, still on the run, enters a gate to the backyard of a house. Instead of going in also, the pit bull peeks through one of the windows. While his pursuer is still looking in, Oswald appears in front of the house from a distance and throws a stick at the other window, breaking the glass. The disturbed homeowner then opens the door in the blink of an eye, therefore smashing the pit bull between it and the front wall. Oswald comes to and writes a ""welcome""', ""TITLE: The Hunter\nGENRES: Short Film, Comedy film, Animation\nYEAR: 1931\n\nPLOT FRAGMENT (2/3):\na hunting trip. Finding his activity interesting, the teddy bear requests him to get her a fox skin. Oswald agrees to her wish. Oswald and his dog set off in their horse to hunt for a fox. The fox in the area knows of their purpose, and therefore thinks of ways to keep them at bay. Minutes later, they were standing side-by-side, looking for their targeted animal. Without the two knowing, the fox comes up behind them and ties the dog's tail around the Oswald's leg. The fox then kicks Oswald in the rear, prompting the rabbit to send the dog into a chase. In this, Oswald was pulled several yards away. His ride on the dog's tail would end as they ran into a residential gate. Just to toy its pursuers, the fox steps on mud then walks on the ground, leaving a trail of its footprints. Oswald and the dog followed the tracks which lead to a tree, and Oswald goes for a climb. The rabbit reaches the top but finds nothing. It appears that the fox was actually on the ground as it ties the dog's tail around a wooden spike and goes on to shake the tree. Oswald then drops to ground, and the fox flees the scene. Oswald chases the fox into a house. As he enters, the fox leaps out from a window and""]"
12,645,12_muppet_scooby_goblin_monster,"['muppet', 'scooby', 'goblin', 'monster', 'wizard', 'scarecrow', 'fairy', 'fairies', 'puppet', 'doo']","['TITLE: Scooby-Doo! Curse of the Lake Monster\nGENRES: Family Film, Animation, Adventure, Comedy\nYEAR: 2010\n\nPLOT FRAGMENT (4/12):\nShaggy suggests splitting and insists on going with Velma. They\'re walking on the beach, and she quotes an old song about the moon, which is says she loves. Shaggy is then sucked into a daydream when he is singing to Velma. However, he is interrupted when they see the lake monster. Meanwhile, Daphne is talking to Fred about how she thinks Shaggy likes Velma, when Fred says that Shaggy must have not followed his advice. Daphne begins to ask him what he means when they hear the screaming of Shaggy and Velma. The lake monster falls, and turns out to be Mr. Uggins, who said that he decided to take that picture to make a quick buck, but it wasn\'t him last night at the party. He then tells them the story of the lake monster: how when people were first settling Erie Point, an old woman named Wanda Grubwort warned them not to come onto her land. They paid no attention to her, so she used her magic staff - which used moonstones as the source of her power - to turn a frog into a horrible monster that attacked the villagers. Wanda was later tried for witchery and burnt at the stake. The next day, Daphne finds Shaggy writing ""Mr. Shaggy Dinkley"" and ""Mrs. Velma Rogers"" all over the napkins', ""TITLE: Chill Out, Scooby-Doo!\nGENRES: Family Film, Animation\nYEAR: 2007\n\nPLOT FRAGMENT (5/7):\nShaggy’s tracks and see where the party camped the night before, and also the foot prints of the Snowman. Velma notes that they are not very deep in the snow. They find Pemba, who was caught by one of LaFleur's traps. Minga is nowhere to be found and Jeffries is still gone, so the gang decides to split up and search for everyone else. At the weather station, Chillman goes out to look for the others. Once he leaves the Snowman appears and attacks Shaggy and Scooby. As they run away, LaFleur shows up and tries to capture the creature, but falls of a cliff, apparently to his death. Scooby and Shaggy manage to escape and find their way to the lost kingdom of Shangri-La, and meet the High Lama. Del catches up to the rest of the gang, but finds the weather station destroyed and some Helium cases missing. As Scooby and Shaggy walk around the city, the Snowman appears and gives chase. Daphne and Pemba find a large cave and go inside, and conclude that is where the monster lives. They also find an empty helium case. Shaggy and Scooby loose the monster again, and everyone meets up in an old mine, each coming from a different direction. There they see Jeffries mining for lots of crystals"", ""TITLE: Scooby-Doo! Curse of the Lake Monster\nGENRES: Family Film, Animation, Adventure, Comedy\nYEAR: 2010\n\nPLOT FRAGMENT (11/12):\nunderwater, so the woman offers to rent them scuba gear. They arrive in the cave and while hiding, see Wanda turn several more frogs into monsters. Shaggy bursts out of hiding and commands Velma to stop. Wanda sets her monsters on the gang, and while Scooby, Fred and Daphne run for their lives, Shaggy stays back and tries to help Velma fight the witch. He briefly reaches her by telling her about his feelings, but Wanda takes over again and pins him to the wall. Meanwhile, Fred and Daphne reach a dead end. Both fearing that it's the end, they apologize for the fights that they had. The lake monsters then burst through the wall. At the same time, Shaggy tries once again to save Velma by singing her favorite song. Velma joins in, and manages to break free of the witch's control. The ghost of Wanda tries to grab her staff, but Scooby Doo arrives just in time and smashes it into a rock, destroying Wanda. Fred and Daphne, who are about to be killed and are clutching one another for dear life, see the monsters turn back into frogs, They run back to Shaggy, who is confessing how much he really likes Velma. Both Fred and Daphne impatiently tell him to just kiss her. Velma and Shaggy kiss,""]"
13,448,13_pirate_pirates_treasure_island,"['pirate', 'pirates', 'treasure', 'island', 'ship', 'captain', 'adventure', 'yacht', 'fish', 'voyage']","[""TITLE: Muppet Treasure Island\nGENRES: Adventure, Children's/Family, Musical, Children's, Comedy, Music, Family Film, Family-Oriented Adventure\nYEAR: 1996\n\nPLOT FRAGMENT (1/4):\nJim Hawkins  is a young orphan living with his friends Gonzo and Rizzo at the Admiral Benbow inn in England. Dreaming of sea voyages, Jim only has the tales of Billy Bones  to help, Bones telling Jim and the inn patrons of Captain Flint , his old captain, burying his treasure on a remote island and killing all of his crew, and that no one knows the whereabouts of the map. One night, Blind Pew, a fellow pirate, arrives and gives Bones the black spot. Bones dies of a heart attack but reveals to Jim, Gonzo and Rizzo he had the map all along beforehand. Blind Pew returns with an army of pirates, but the boys escape with the map. Going to a harbour town, the boys meet the half-wit son of Squire Trelawney  who decides to fund a voyage to find Treasure Island and Flint's fortune. Accompanied by Dr. Livesey  and his assistant Beaker, the boys and Trelawney hire the Hispaniola, commanded by Captain Abraham Smollett  and his overly strict first mate Mr. Arrow . The boys meet the cook Long John Silver , a one-legged man who Bones warned the boys about before dying. The ship sets sail, but Smollett is concerned by the pirate-like crew, learning they were hired on Silver's suggestion. Jim and"", ""TITLE: Treasure Island\nGENRES: Costume drama, Family Film, Drama, Adventure\nYEAR: 1950\n\nPLOT FRAGMENT (6/12):\nthe pirate's plan. While the boat is in the water, George Merry, impatient and wanting to take charge himself, tells the other mutineers to attack, but they are cornered and sent below deck. Silver gives orders for the men in the two boats with him to run for it, and uses Jim as a hostage to keep Smollett and the others from firing, telling them to give up the map in exchange for Jim's life. Upon reaching the shore, Jim jumps from the boat and runs off into the jungle. After evading pursuit from three of the mutineers, Jim encounters and befriends Ben Gunn, one of Flint's crew who was marooned on the island five years ago. Jim tells him about the mutiny, and then Ben takes Jim to a fort, where he finds the captain and his friends, who abandoned the ship and came ashore in order to rescue Jim. Silver and his men go back aboard ship to get the muskets from the cabin, and find the rest of their men drinking the rum stores. Silver plans to punish George, but Israel says that George would be better in helping them take the stockade, and Silver allows George's rash actions to slide. Silver appears outside the stockade with a flag of truce. Silver gives him terms, stating that he will"", ""TITLE: Treasure Island\nGENRES: Silent film, Black-and-white\nYEAR: 1920\n\nPLOT FRAGMENT (1/1):\nYoung Jim Hawkins is caught up with the pirate Long John Silver in search of the buried treasure of the buccaneer Captain Flint. Young Jim Hawkins helps his widowed mother run the Admiral Benbow Inn on the west coast of England. When former pirate Billy Bones is killed at the inn by other pirates seeking the map to the lost treasure of Captain Flint, Jim finds the map and turns it over to his mother's friends, Dr. Livesey and Squire Trelawney, who organize an expedition to recover the treasure. Jim stows away aboard Livesey and Trelawney's ship, which is manned by a crew largely chosen by Long John Silver, a one-legged pirate posing as a cook. Silver's plans for a mutiny are discovered by Jim and reported to Livesey and Trelawney, who manage to hold the pirates at bay until they arrive at the island and take refuge in a shelter with Jim and the loyal crew members. A battle with the pirates results in the map being turned over to Silver and his gang, but the pirates are eventually routed, and Jim and the others find Flint's treasure through the services of Ben Gunn, a pirate who had been stranded on the island.American Film Institute Catalog, Feature Films 1911-1920,""]"
14,440,14_monkey_monkeys_apes_gorilla,"['monkey', 'monkeys', 'apes', 'gorilla', 'jungle', 'panther', 'gorillas', 'chimpanzee', 'dinosaur', 'chimpanzees']","[""TITLE: The Romance of Tarzan\nGENRES: Jungle Film, Adventure, Black-and-white\nYEAR: 1918\n\nPLOT FRAGMENT (1/2):\nThe film opens with flashbacks from Tarzan of the Apes to establish the back story. The African expedition led by Professor Porter  to find Tarzan , the ape-raised heir of Lord Greystoke, has been crowned with success, and Tarzan and Porter's daughter Jane  are in love. The party now prepares to return to civilization when it is attacked by natives and separated from the ape-man. Tarzan's paternal cousin William Cecil Clayton ([[Colin Kenny , the current Lord Greystoke, desiring to keep his wealth and title, reports having seen the savages kill Tarzan. Believing him dead, they leave without their charge. But Tarzan has in fact survived, and is eager to be reunited with Jane. Finding his new friends gone he swims out to another boat to follow. Eventually he reaches the United States, and is landed near the Porters' San Francisco, California ranch. Tarzan in civilization is like a bull in a china shop, as is demonstrated early in a destructive incident in a dance hall, where his prowess impresses La Belle Odine . Things get back on track when Jane is kidnapped by outlaws, presenting him with the opportunity to rescue her. Jane, however, is cold to him, as Clayton has falsely"", ""TITLE: Tarzan\nGENRES: Adventure, Costume drama, Animation, Drama, Animated cartoon, Romance Film, Family Film\nYEAR: 1999\n\nPLOT FRAGMENT (3/4):\nthe threat of Kerchak. When the explorers' boat returns to retrieve them, Clayton makes Tarzan believe that Jane will stay with him forever if he reveals the gorillas. Tarzan agrees and leads the party to the nesting grounds, while Terk and Tantor lure Kerchak away to avoid having him attack the humans. Porter and Jane are excited to mingle with the gorillas, but Kerchak returns and threatens to kill them. Tarzan is forced to hold Kerchak at bay while the humans escape, and then leaves the troop himself, now alienated by his actions. Kala takes Tarzan to the treehouse she found him in, and shows him his true past, encouraging him to leave with Jane and the others. When Tarzan returns to the ship with Jane and Porter, they are ambushed by Clayton and his band of stowaway pirates and locked in the brig. Tarzan manages to escape with the help of his friends, and he races back to the gorilla home. Kerchak and Tarzan together battle Clayton; Kerchak is fatally shot while Tarzan is chased by Clayton into vine-covered trees. After a fierce battle with Tarzan, Clayton is finally killed when he falls with a vine around his neck, hanging him. Kerchak, in his dying breath, accepts Tarzan as"", ""TITLE: Greystoke - The Legend of Tarzan, Lord of the Apes\nGENRES: Action/Adventure, Period piece, Drama, Adventure, Film adaptation\nYEAR: 1984\n\nPLOT FRAGMENT (1/5):\nJohn, the heir to the Earl of Greystoke , and his wife Alice  set sail and are quickly marooned in Africa. After John builds a home in the trees, Alice gives birth to a son. Soon after, Alice grows delirious and dies. When John finds her recently dead, the tree house is visited by curious chimpanzees, and John is killed by one of the apes. The female of the group, Kala, carries her dead infant, but upon hearing the cries of the infant human in his crib, she adopts the boy and raises him among the family of Mangani. The little human child thus grows up naked, wild, and free. At age 5, the boy  is still trying to fit in with his ape family. When a black panther attacks, he learns how to swim in order to evade it while another chimp is killed. At age 12, the boy  discovers the tree-house in which he lived as a baby with his mother and father and finds a wooden block, with pictures of both a boy and a chimpanzee painted on it. It is there, after seeing himself in a mirror, that the physical difference between him and the rest of his ape family is made more apparent. He later discovers his father's hunting knife and how it works. The objects fascinate the naked ape boy, who carries them""]"
15,439,15_musketeers_musketeer_throne_shakespeare,"['musketeers', 'musketeer', 'throne', 'shakespeare', 'royal', 'romeo', 'richelieu', 'theatrical', 'emperor', 'herod']","[""TITLE: The Three Musketeers\nGENRES: Action/Adventure, Romance Film, Action, Adventure\nYEAR: 2011\n\nPLOT FRAGMENT (3/6):\nwar on England. At this point, the people would demand a more experienced leader: Richelieu himself. But Milady demands that Richelieu declare in writing that she is working on behalf of France, to protect herself in case of palace intrigue. The false letters  are found by a maid and are given to King Louis and he is advised by Richelieu to set up a ball at which Queen Anne would be forced to wear the necklace. If she doesn't, then her affair is real, and there will be war against England. Queen Anne's lady-in-waiting Constance Bonacieux  discovers Richelieu's plan and asks the Musketeers to stop him. At the dock, Constance takes D'Artagnan's hat, cape and horse to create a diversion of the guards standing in front of the boat. At Calais, they find guards and Constance pretends to be d'Artagnan and distracts the guards while the musketeers get on a boat. In London, Milady warns Buckingham that the Musketeers have arrived to take revenge on him. Milady instructs Buckingham of all their tendencies in battle, but Athos predicts this and the Musketeers resolve to do just the opposite. Milady later escapes in a coach, taking the necklace with her. Buckingham captures D'Artagnan, but he"", ""TITLE: The Three Musketeers\nGENRES: Japanese Movies, Adventure, Animation, Animated cartoon, Romance Film, Family Film\nYEAR: 1994\n\nPLOT FRAGMENT (1/4):\n{{plot}} The young d'Artagnan wants to be a musketeer and for this he travels the long way to the city of Paris in France, where he will enter the same academy for musketeers that his father had attended. On his way to Paris, however, he meets up with Monsieur Rochefort. D'Artagnan does not know that his rivalry with Monsieur Rochefort will get him involved in a battle against the evil plot thought up by Cardinal Richelieu against the king and queen of France. When Cardinal Richelieu discovers that the queen had sent valuable diamonds to the Duke of Buckingham in England, a country enemy of France, the cardinal uses the information to blackmail the queen and create a difficult situation between her and King Louis, who now believes his wife to be in love with the Duke of Buckingham. Nobody knows that the diamonds are in possession of an old woman, Milady, who had stolen the diamonds from the duke and had brought them for Rochefort so that they would be nowhere to be found; Rochefort allows her to hold on to the diamonds in order to ensure this. Shortly after entering the academy of musketeers, d'Artagnan meets three of the finest among them, Porthos, Athos and Aramis. Though their"", 'TITLE: The Four Musketeers\nGENRES: Swashbuckler films, Adventure, World cinema, Costume drama, Action/Adventure, Period piece, Drama, Comedy, Film adaptation, Action\nYEAR: 1974\n\nPLOT FRAGMENT (1/3):\nDuring a war between France and the Protestant rebels of La Rochelle, Cardinal Richelieu orders Count de Rochefort to kidnap Constance de Bonancieux. The evil Milady de Winter, who wants revenge on d\'Artagnan, seduces him to keep him occupied. He soon discovers her true nature, however, and that she was once married to Athos, who had supposedly killed her after discovering what she was: a branded criminal. Athos, Porthos, and Aramis rescue Constance from her imprisonment in Saint Cloud and take her to safety in the convent of Armentieres. Milady sends d\'Artagnan poisoned wine along with a note to trick him into thinking that the other musketeers got drunk and imprisoned. As he goes to bail them out, he is attacked by Rochefort and his men. Athos, Porthos, and Aramis join the fight, at the end of which Rochefort runs away and one of his men is captured and tortured for information, revealing that Richelieu is going to the Dovecote Inn, before he drinks the poisoned wine and dies, revealing Milady\'s trap. Athos, Porthos and Aramis spies on Richelieu as the cardinal gives Milady orders to ""persuade"" the Duke of Buckingham not to send a relief force to aid the rebels, threatening him']"
16,429,16_track_coyote_wile_plateau,"['track', 'coyote', 'wile', 'plateau', 'road', 'run', 'chase', 'auto', 'speed', 'speeds']","[""TITLE: Zip 'N Snort\nGENRES: Short Film, Family Film, Comedy, Animation\nYEAR: 0\n\nPLOT FRAGMENT (1/5):\nIntroduction: The credits are shown, and the coyote's Latin name  is among them. The camera then zooms to the left to show Wile E. Coyote pointing at the words and then himself. The Road Runner then pulls up behind him and beeps, sending the Coyote into the air. The Road Runner's name is shown  before he moves off stage, leaving a dust cloud for Wile E. to land in. The chase starts, and the Coyote slowly gains on his opponent until the Road Runner dodges off the road, leaving Wile E. at the mercy of an approaching bus. The Coyote kicks up a pothole and turns the other way, successfully outrunning the bus. However, as he taunts the bus, he runs directly off a cliff. As Wile E. hurtles towards the left, he pokes his tongue back in and points worriedly at the void below him. Then, he slams into a mountainside and soon suffers gravity. The Road Runner pulls up to the top of the mountain that Wile E. ran into and beeps to get the coyote's attention. Fueled by rage, the Coyote climbs the mountain, but soon falls back down. His second climb causes the entire edge of the mountain to fall as the Coyote scrambles to the top. Wile E. climbs to the top of the precipice and prepares to chase"", 'TITLE: Lickety-Splat\nGENRES: Short Film, Family Film, Comedy, Animation\nYEAR: 1961\n\nPLOT FRAGMENT (1/5):\nIntroduction: Wile E. Coyote, standing on the road, pulls out an arrow-shaped sign saying ""Coyote"" and another saying ""Apetitius Giganticus"". The Road Runner speeds by with a Beep-beep and ruffles the coyote\'s fur. Wile flips the signs to read ""Road-Runner"" and ""Fastius Tasty-us"", and winds up his legs, followed by his body, and chases the Road Runner. When the Road Runner sees the Coyote chasing him, he taunts him and gears into superspeed. This causes the road to roll up, a tunnel to turn inside-out, and a bridge to be destroyed as he puts his would-be predator far behind. Wile E. stops short of the chasm, panting, and two light bulbs signal his new-found idea. 1. Wile E. prepares himself to chase the Road Runner with his new roller skis, and skis off the plateau down the mountain and onto the road that the Road Runner is dashing over. As the camera cuts separately to Wile and the Road Runner, the bird turns across a U-turn at the end of a cliff, while Wile speeds off. When Wile E. realizes his mistake, he drops the ski poles, and soon slams into the side of another cliff. The Coyote looks up and down, trying to figure out how to escape, until he hears and sees the Road Runner at', 'TITLE: Beep Prepared\nGENRES: Short Film\nYEAR: 1961\n\nPLOT FRAGMENT (3/4):\nthe manhole on a suspension bridge, which results in the Coyote falling in a hole in the bridge. 4. The Coyote now uses a Batman-like outfit attached to a rocket, but instead of launching the Coyote, the rocket explodes, sending a charred Wile E. falling. 5. Wile E. now uses Acme iron bird seed to attract the Road Runner. The Road Runner munches it all up and zooms off. Now the Coyote uses roller skates and a magnet to catch up with the Road Runner. They then chase until the Road Runner moves onto a railroad track, so Wile E. can be attracted to another magnetic material: an approaching train! 6. The Coyote then uses a springy block of pavement to try and trap the Road Runner in midair. However, the Road Runner stops short before the pavement springs up. This time, it springs up a little too hard; it does a 180 and ends up on top of the Coyote. 7. Now, Wile E. uses two machine guns attached to the same rope, but the Road Runner breaks the rope instead of pulling it. The Coyote, confused, tries to tie the rope back together, but then gets shot repeatedly and reduced down to size. 8. Finally, Wile E. buys a rocket sled and 30 miles of railroad track. Instead of going forward,']"
17,406,17_holocaust_nazis_nazi_führer,"['holocaust', 'nazis', 'nazi', 'führer', 'stalin', 'war', 'erich', '1944', 'nuremberg', 'berlin']","['TITLE: Der Untergang\nGENRES: Biography, World cinema, History, Drama, War film, Biographical film\nYEAR: 2004\n\nPLOT FRAGMENT (4/12):\nhe will remain in Berlin and commit suicide.Adolf Hitler: ""But, gentlemen, if you believe I\'m going to leave Berlin, you are seriously mistaken. I\'d rather blow my brains out,"" General Mohnke becomes outraged when he sees conscripted civilian troops being gunned down and thus pointlessly killed in the streets. Mohnke learns that they are Volkssturm fighters under the command of Joseph Goebbels. Mohnke has them removed from the line of fire and returns to the Reich Chancellery to confront Goebbels. During their exchange, Goebbels tells Mohnke that he has no pity for the civilians, as they chose their fate. Hitler, Braun, Traudl, and Gerda Christian discuss various means of suicide whilst Krebs, Burgdorf, and other military staff get drunk. Hitler gives Christian and Junge one cyanide capsule each. Eva Braun and Magda Goebbels type goodbye letters: Braun to her sister Gretl and Goebbels to her adult son, Harald Quandt. In the streets of Berlin the child soldiers are annihilated by Soviet fire. Hitler, with Germany losing the war, loses his sense of reality. Field Marshal Keitel is ordered to find Admiral Karl Dönitz, whom Hitler believes is gathering troops in the north, and help', ""TITLE: Valkyrie\nGENRES: Thriller, History, War film, Period piece, Drama, Political thriller, Political drama\nYEAR: 2008\n\nPLOT FRAGMENT (5/7):\nleg, thereby protecting Hitler from most of the blast. When the bomb explodes, Stauffenberg is certain that Hitler is dead and flees Wolf's Lair. Before shutting down communications, Fellgiebel calls Mertz about the explosion but cannot clearly convey whether or not the Führer is dead. As Stauffenberg flies back to Berlin, Olbricht refuses to mobilize the Reserve Army until he knows without a doubt that Hitler is dead . Behind Olbricht's back, Mertz forges his signature and issues the orders anyway. With Operation Valkyrie underway, Stauffenberg and his fellow plotters order the arrest of Nazi party leaders and SS officers, convincing lower officers that the Party and the SS are staging a coup. As Stauffenberg begins to take control of Berlin's government ministries, mid-level officers relaying the orders begin to wonder which side they should be fighting for. Rumors reach Berlin that Hitler survived the blast, but Stauffenberg dismisses them as SS propaganda. Meanwhile, Fromm learns from Field Marshal Keitel that Hitler is still alive. The General refuses to join the plotters, resulting in them detaining him. Major Otto Ernst Remer of the Reserve Army prepares to arrest Goebbels,"", ""TITLE: Valkyrie\nGENRES: Thriller, History, War film, Period piece, Drama, Political thriller, Political drama\nYEAR: 2008\n\nPLOT FRAGMENT (1/7):\nDuring World War II, Wehrmacht Colonel Claus von Stauffenberg  is severely wounded during an RAF air raid in Tunisia, losing a hand and an eye, and is evacuated home to Nazi Germany. Meanwhile, Major General Henning von Tresckow  attempts to assassinate Adolf Hitler by smuggling a bomb aboard the Führer's personal airplane. The bomb, however, is a dud and fails to detonate, and Tresckow flies to Berlin in order to safely retrieve it. After learning that the Gestapo has arrested Major General Hans Oster, he orders General Olbricht  to find a replacement. After recruiting Stauffenberg into the German Resistance, Olbricht presents Stauffenberg at a meeting of the secret committee which has coordinated previous attempts on Hitler's life. The members include General Ludwig Beck , Dr. Carl Goerdeler , and Erwin von Witzleben . Stauffenberg is stunned to learn that no plans exist on the subject of what is to be done after Hitler's assassination. During a bombing raid on Berlin, he gets the idea of using Operation Valkyrie, which involves the deployment of the Reserve Army to maintain order in the event of a national emergency. The plotters carefully redraft the plan's orders so that they""]"
18,393,18_angel_ángel_angels_fairy,"['angel', 'ángel', 'angels', 'fairy', 'ariel', 'maggie', 'fantasy', 'molly', 'merlin', 'diane']","[""TITLE: Avalon High\nGENRES: Drama, Family Film, Fantasy, Adventure, Television movie\nYEAR: 2010\n\nPLOT FRAGMENT (5/8):\nMiles may be Merlin, but he begs to differ. The next day, they have a big exam. Marco plants a cheat sheet on the bottom of Will's shoe. Mr. Moore almost gives him detention but decides to give him benefit of the doubt. However his team resents him for the incident. They no longer respect his authority as team captain. Later that day, Allie reveals to Mr. Moore that she believes that Will is King Arthur and asks for his help in protecting him. In the chemistry lab, Miles and Allie's experiment goes wrong due to tampering, and Marco warns them about meddling. On the night of the game, Will sees Jen kiss Lance. Will gets in his car and drives away. Allie runs after him to the same spot where the first talked. Someone pushes her down. She tells Will that fate is involved in what happened. That he is King Arthur. He gets mistaken and thinks that its a metaphor. After her speech he gets courage to win the game despite what happened. Will speeds off without giving Allie a chance to explain. At the game, just when he's about to play, its lights out because the eclipse and meteor shower have begun. Lights come back up and game continues, but his line men don't defend him properly. At"", ""TITLE: The Mists of Avalon\nGENRES: Costume drama, Fantasy Adventure, Fantasy, Feminist Film\nYEAR: 2001\n\nPLOT FRAGMENT (6/17):\nwhere Morgaine is to make love to the man who kills the king's stag. Both partners are masked, so neither knows who the other is, but afterward, Morgaine longs for it to be Lancelot, but she knows she will never know for sure.  Arthur having completed his training with Merlin, finds his father, Uther, in a Saxon battle just before he dies. He is locked in a burning church and calls to both God and Goddess for help. Viviane, on behalf of the Goddess, answers, and gives Arthur Excalibur in exchange for loyalty to Avalon and paganism as well as Christianity. Arthur quickly agrees, and defeats the Saxons. Morgaine is finally released from Avalon and returns to Camelot for her brother's coronation. She reunites first with Morgause, who is now Queen of Orkney and has a teenage son, Gawain. She then finds her mother, old and worn, sitting by a window with the Bishop Patrick. Igraine says that she is becoming a Christian nun and moving to Glastonbury. She says that she wants to seek repentance for betraying Gorlois long ago and being twice widowed. Morgaine is startled by this news and distressed. Meanwhile, Arthur has been given a Christian Princess as his bride. As Arthur introduces his"", 'TITLE: City of Angels\nGENRES: Thriller, Remake, Fantasy, Drama, Romantic drama, Romance Film, Romantic fantasy\nYEAR: 1998\n\nPLOT FRAGMENT (4/5):\nwarm, passionate lovemaking at last. The next morning, as Seth is in the shower, enjoying his first sensation of running hot water on his body, Maggie rides her bike to a local store to buy some pears for him. On her way back, happy and fulfilled, she rides her bike with her eyes closed and her arms wide open to the Autumn sunlight and her bright future with Seth. Her happiness is cut short by a truck that catches her by surprise when it pulls out in front of her. Seth senses that Maggie is in trouble and runs to her aid. He arrives in time for Maggie to tell him that she sees the angel who has come to escort her away. Although Seth is no longer able to see the angels, he knows they are there and begs Maggie not to look at them. Maggie tells him that she is not afraid anymore and that when they will ask her what her favorite thing in life used to be, she will say it was Seth. Seth now is experiencing the human side of loss and death. He questions if he is being punished for leaving heaven to be a human, when he was meant to stay where he was. Now grieving and alone, Seth is visited by Cassiel. Cassiel offers comfort and asks Seth if he knew this would happen, would he still decide']"
19,293,19_mythological_dragons_dragon_wizard,"['mythological', 'dragons', 'dragon', 'wizard', 'sorcerer', 'hercules', 'sorcery', 'gods', 'merlin', 'underworld']","['TITLE: Hercules\nGENRES: Adventure, Costume drama, Animation, Children\'s, Fantasy, Comedy, Music, Family Film\nYEAR: 1997\n\nPLOT FRAGMENT (1/4):\nAfter imprisoning the Titans beneath the ocean, the Greek gods Zeus and his wife Hera have a son named Hercules. While the other gods are joyful, Zeus\' jealous brother Hades plots to overthrow Zeus and rule Mount Olympus. Turning to the Fates for help, Hades learns that in eighteen years, a planetary alignment will allow Hades to locate and free the Titans to conquer Olympus, but only if Hercules does not interfere. Hades sends his minions Pain and Panic to dispose of Hercules. The two succeed at kidnapping and feeding him a formula that turns him mortal, but fail to remove his superhuman strength before Hercules is found and adopted by the farmers Amphitryon and Alcmene. Years later, the teenaged Hercules becomes an outcast due to his strength, and wonders where he came from. After his foster parents reveal the necklace they found him with, Hercules decides to visit the temple of Zeus for answers. The temple\'s statue of Zeus comes to life and reveals all to Hercules, telling him that he can regain his godhood by becoming a ""true hero"". Zeus sends Hercules and his forgotten infant-hood friend Pegasus to find the satyr Philoctetes—""Phil"" for short—who is known for training heroes.', ""TITLE: Merlin\nGENRES: Sword and sorcery, Costume drama\nYEAR: 1998\n\nPLOT FRAGMENT (4/15):\nsuggested finding a man “with no mortal father”, thus leading him to Merlin. However, Merlin informs the King that his castle is being built on water, and that he would be more useful alive since his dreams can predict the future. The King spares Merlin but throws him into a dungeon. Nimue recognizes the captive Merlin and persuades King Vortigern to release him. Merlin and Nimue grow close, but Mab, determined to make Merlin break his oath, plots against their union and has Nimue sacrificed to a great dragon, with Merlin watching. Merlin ends up using magic, breaking his oath, to tie down the dragon, but can't save Nimue from getting injured by the dragon. She is sent to Avalon to recover, and Merlin leaves to defeat Vortigern and his new ally, Mab. Soon Merlin dreams of two dragons, a red defeating a white. The red dragon is that of Uther Pendragon, whose father, King Constant  was murdered by Vortigern to seize his throne. Merlin helps Uther win his war against Vortigern, by informing him of Vortigern's unprecedented winter attack, and leading Uther's forces to confront him on a frozen river. Merlin himself kills Vortigern with the aid of the magical sword Excalibur, given to"", 'TITLE: The Sword in the Stone\nGENRES: Coming of age, Adventure, Children\'s/Family, Costume drama, Historical fiction, Animation, Fantasy, Children\'s Fantasy, Drama, Sword and sorcery, Family Film, Mythological Fantasy, Sword and sorcery films\nYEAR: 1963\n\nPLOT FRAGMENT (1/5):\nThe film begins in the 6th century in England with the death of the king, Uther Pendragon. Uther did not leave an heir to his throne, and without a king, ""it seemed that the land would be torn by war"". Suddenly, the ""Sword in the Stone"" appears in London, with an inscription proclaiming that ""Whoso Pulleth Out This Sword of this Stone and Anvil, is Rightwise King Born of England."" None succeed in removing the sword, which is soon forgotten, leaving England to the Dark Ages. Many years later, Merlin, ""The world\'s most powerfull wizard."" predicts that a small boy, named Arthur , will come to his cottage. While accompanying his older foster brother Kay on a hunting trip, Wart accidentally prevents Kay from shooting a deer. He goes to retrieve the arrow, and falls into Merlin\'s cottage. Merlin declares himself Wart\'s tutor and the two return to Wart\'s home, a castle run by Sir Ector, Arthur\'s foster father. Although Merlin convinces him that magic exists via conjuring up an indoor blizzard , Ector will not allow him to tutor Wart, so Merlin magically disappears, which persuades Ector to let Merlin stay. Ector\'s friend, Sir Pellinore, arrives with news about the annual jousting']"
20,275,20_monsters_monster_superhero_dinosaur,"['monsters', 'monster', 'superhero', 'dinosaur', 'creature', 'spider', 'titans', 'giant', 'spiders', 'aliens']","[""TITLE: Godzilla, Mothra and King Ghidorah: Giant Monsters All-Out Attack\nGENRES: Action/Adventure, Science Fiction, Japanese Movies, World cinema, Creature Film, Cult, Fantasy, Monster, Action\nYEAR: 2001\n\nPLOT FRAGMENT (3/5):\ndefeats Baragon with his atomic breath. After the battle, Yuri receives a minor injury to the head. Fearing for her safety, Takeda refuses to take her to Godzilla's location. Angered, Yuri goes alone. Mothra's cocoon is soon immediately discovered in Lake Ikeda. The SDF dispatch several fighter jets to stop Godzilla but are quickly defeated by the monster. Tachibana sets up a defense line in Yokohama. Mothra and a yet-to-be-grown Ghidorah awaken and fly towards Yokohama where Godzilla is spotted. Mothra arrives first and battles the monster. Ghidorah arrives moments later and joins the fray. After brutally pinning down both monsters, the SDF engage Godzilla with D-03 missiles but to no avail. Enraged, Godzilla swiftly destroys nearly the entire defense line using his atomic breath. Mothra rises for a surprise attack but Godzilla kills her with his atomic breath. Mothra's spirit intertwines with Ghidorah and transforms him into the 3,000 year old dragon King Ghidorah. King Ghidorah injures Godzilla and take the battle underwater. Tachibana and his colleague join the fight using the Satsuma submarine. Tachibana plans to shoots a D-03 into Godzilla's wound but fails after several"", ""TITLE: Godzilla, Mothra and King Ghidorah: Giant Monsters All-Out Attack\nGENRES: Action/Adventure, Science Fiction, Japanese Movies, World cinema, Creature Film, Cult, Fantasy, Monster, Action\nYEAR: 2001\n\nPLOT FRAGMENT (4/5):\ninjures Godzilla and take the battle underwater. Tachibana and his colleague join the fight using the Satsuma submarine. Tachibana plans to shoots a D-03 into Godzilla's wound but fails after several attempts. Yuri and Takeda report the struggle from a bridge that later collapses from Godzilla's atomic breath. Takeda and Yuri hold on but the shrine stone falls from Takeda's pockets and sink into the deep, melting on King Ghidorah's head. Ghidorah's power is strengthened up and takes the battle to the surface once more. Yuri and Takeda barely survive the fall and swim ashore while the monsters continue to fight. Godzilla destroys King Ghidorah with a super power breath and unleashes the spirits of the Guardian Monsters, which sink him down to the deep. After entering Godzilla's body through his mouth, Tachibana successfully plants a D-03 missile in Godzilla's wound. Godzilla surfaces to come face to face with Yuri and Takeda but the monster collapses when the missile explodes. Tachibana exits Godzilla's body through the monster's wound right before the monster disintegrates. Japan soon rejoices at their victory against Godzilla. However, the monster's heart continues to beat on the"", ""TITLE: Godzilla vs. Biollante\nGENRES: Science Fiction, Horror, Creature Film, Fantasy, Monster, Japanese Movies\nYEAR: 1989\n\nPLOT FRAGMENT (4/7):\nand the monstrous plant begins calling out to Godzilla. Dr. Shiragami theorizes that this is because Biollante is partially composed of Godzilla's DNA. With Godzilla's destination made clear, the Japan Self-Defense Forces, under the leadership of Major Sho Koruki, prepare their strategies for dealing with the King of the Monsters. The Super X II, a remote controlled and stronger version of the first Super X, is deployed, and though it first seems effective at combating Godzilla, it is eventually overwhelmed by Godzilla's nuclear breath, and is forced to retreat. Godzilla finally reaches Biollante. A huge battle ensues, and briefly it appears that there is a stalemate. However, Godzilla defeats Biollante with his atomic breath. With Biollante apparently dead, Godzilla continues on. Godzilla, running low on radioactive energy after his fights with the Super X II and Biollante, heads towards the nearest operational nuclear reactor, which is located in Tsuruga, on the other side of the country. The military is sent out to meet Godzilla at Ise Bay. Godzilla instead surfaces in Osaka Bay, avoiding a confrontation with the JSDF. Saegusa tries to help, attempting to make Godzilla turn""]"
21,253,21_harry_potter_burrow_magic,"['harry', 'potter', 'burrow', 'magic', 'wand', 'magician', 'potion', 'magical', 'show', 'neville']","[""TITLE: Harry Potter and the Philosopher's Stone\nGENRES: Fantasy Adventure, Adventure, Children's/Family, School story, Fantasy, Children's Fantasy, Family Film\nYEAR: 2001\n\nPLOT FRAGMENT (5/6):\nhe has seen in the mirror, Quirrell removes his turban and reveals Voldemort to be living on the back of his head. Harry tries to escape but Quirrell starts a fire by clicking his fingers to trap him. Voldemort tries to convince Harry to give him the stone by promising to bring his parents back from the dead, but Harry refuses. Quirrell tries to kill him but Harry's touch prevents Quirrell from hurting Harry and causes his hand to turn to dust. Quirrell then tries to take the stone but Harry grabs his face, causing Quirrell to turn into dust and die. When Harry gets up, Voldemort's spirit forms and passes through Harry, knocking him unconscious, before fleeing. Harry wakes up in the school's hospital wing, with Professor Dumbledore at his side. Dumbledore explains that the stone has been destroyed, and that both Hermione and Ron are fine. Quirrell burned at Harry's touch because, when Harry's mother died to save him, her death gave Harry a magical, love-based protection against Voldemort. At the end of year feast, Dumbledore gives last minute house points to Harry, Ron, Hermione and Neville for their bravery and smarts so Gryffindor win the house cup. Before Harry and the rest of"", ""TITLE: Harry Potter and the Half-Blood Prince\nGENRES: Fantasy Adventure, Adventure, Children's/Family, Mystery, Fantasy, Children's Fantasy, Family Film, Action, Romance Film\nYEAR: 2009\n\nPLOT FRAGMENT (1/6):\n{{further2}} Harry is shown bleeding in front of the Ministry of Magic, as the result of an attack that took place after the second-to-last scene of the previous film, Harry Potter and the Order of the Phoenix. Lord Voldemort is tightening his grip on both the Wizarding and Muggle worlds and has chosen Draco Malfoy to carry out a secret mission. Severus Snape accepts Bellatrix Lestrange's challenge to make an Unbreakable Vow with Draco's mother, Narcissa, to protect Draco and fulfill the assignment if he fails. Harry accompanies Albus Dumbledore to visit former potions professor Horace Slughorn, who has gone into hiding. Slughorn agrees to return to teach at Hogwarts as Dumbledore tells Harry that Slughorn's return to Hogwarts is crucial. Leaving Fred and George's new shop, Harry, Ron and Hermione notice Draco and Narcissa associating with Death Eaters in Borgin and Burkes. Harry believes Voldemort has made Draco a Death Eater, but Ron and Hermione are sceptical. On the Hogwarts Express, Harry spies on Draco, who hints to his friends that he does not plan to return to Hogwarts next year. Draco discovers Harry's presence and immobilises him, but Harry is rescued by Luna with her"", ""TITLE: Harry Potter and the Chamber of Secrets\nGENRES: Fantasy Adventure, Adventure, Children's/Family, Mystery, Fantasy, Children's Fantasy, Family Film\nYEAR: 2002\n\nPLOT FRAGMENT (1/7):\n{{further2}} Preparing for a visit from a potential client of Uncle Vernon Dursley's, the Dursleys send Harry to his room. Harry finds Dobby the house elf, who warns against returning to Hogwarts. When Harry refuses, Dobby causes havoc in the house and frames Harry for ruining Vernon's meeting. Vernon locks Harry in his room to prevent his return to Hogwarts. That night, Ron, Fred, and George Weasley arrive in their flying car to rescue Harry from the clutches of Uncle Vernon, who discovers the rescue and tries to pull Harry back into his room. The Weasleys succeed and take Harry to The Burrow, their home. Harry meets Ron's younger sister, Ginny, who is about to begin at Hogwarts and has a crush on Harry. Harry also meets Ron's father, Arthur Weasley; he had met Mrs. Weasley the previous year. Harry and the Weasleys travel to Diagon Alley by Floo Powder. While shopping, Harry meets Gilderoy Lockhart, a famous wizard and author, and later Draco Malfoy and his father, Lucius, who praise Voldemort and deride Harry, Hermione and the Weasleys. At King's Cross Station, though the rest of the Weasleys reach Platform 9 3/4 without trouble, Harry and Ron find the magical barrier blocked; as""]"
22,247,22_apartheid_africans_african_slavery,"['apartheid', 'africans', 'african', 'slavery', 'africa', 'mozambique', 'history', 'historical', 'slave', 'saharan']","['TITLE: Amistad\nGENRES: History, Historical fiction, Mystery, Period piece, Drama, Costume drama, Courtroom Drama\nYEAR: 1997\n\nPLOT FRAGMENT (6/11):\ntheir case for property rights and dismiss Cinquè\'s story as a mere piece of fiction. While exploring the impounded vessel La Amistad for much-needed evidence to support the Africans\' claims, Baldwin happens upon a notebook, stuffed into a crevice by Ruiz and Montez to conceal the evidence of illegal slave-trading. Using the book as hard evidence of illegal trading, Baldwin calls expert witnesses including Captain Fitzgerald , a British naval officer assigned to patrol the West African coastline to enforce the British Empire\'s anti-slavery policies. As Fitzgerald is cross-examined by the haughty Holabird, tension in the courtroom rises, ultimately prompting Cinquè to leap from his seat and cry ""Give us free"" over and over, a heartfelt plea using the English he has learned. Cinquè\'s plea touches many, including the judge and in a court ruling, Judge Coglin  dismisses all claims of ownership. He then rules that the Africans were captured illegally and were not born on plantations; orders the arrest of the Amistads owners on charges of slave-trading; and authorizes the United States to convey the Amistad Africans back to Africa at the expense of the nation. While Cinquè, Joadson,', ""TITLE: Amistad\nGENRES: History, Historical fiction, Mystery, Period piece, Drama, Costume drama, Courtroom Drama\nYEAR: 1997\n\nPLOT FRAGMENT (5/11):\nof flashbacks, tells the haunting story of how he became a slave. Cinquè, a peasant farmer and young husband and father in West Africa, was kidnapped by African slave-hunters and taken to the slave fortress of Lomboko, an illegal facility in the British protectorate of Sierra Leone. There, he and hundreds of other captured Africans were loaded onto the transatlantic slave-ship . Cinquè tells of the various horrors of the Middle Passage, including frequent rape, horrific torture and random executions carried out by the crew including the deaths of fifty people deliberately drowned by being thrown in the ocean. Upon their arrival in Cuba, Cinquè was sold at a slave market and purchased, along with many other Tecora survivors, by the owners of La Amistad. Once aboard La Amistad, Cinquè was able to free himself of his shackles and began the slaves' rebellion for freedom. The courtroom drama continues as District Attorney William S. Holabird  and Secretary of State John Forsyth  press their case for property rights and dismiss Cinquè's story as a mere piece of fiction. While exploring the impounded vessel La Amistad for much-needed evidence to support the Africans' claims, Baldwin"", ""TITLE: Amistad\nGENRES: History, Historical fiction, Mystery, Period piece, Drama, Costume drama, Courtroom Drama\nYEAR: 1997\n\nPLOT FRAGMENT (10/11):\nAmistad Africans were illegally kidnapped from their homes in Africa, United States laws on slave ownership do not apply. Furthermore, since that was the case, the Amistad Africans were within their rights to use force to escape their confinement. The Supreme Court authorizes the release of the Africans and their conveyance back to Africa, if they so wish. Legally freed for the second and final time, Cinquè bids emotional farewells to his companions; shaking Adams's hand, giving Joadson his lion tooth which is his only memento of Africa and thanking Baldwin in English and in Mende. The end of the film depicts various scenes. Royal Marines assault the Lomboko Slave Fortress, killing the slavers and freeing the kidnapped Africans held within the dungeons. With the fortress evacuated, Captain Fitzgerald, orders his warship of the Royal Navy's West Africa Anti-Slavery Squadron to open fire on the facility thus destroying it. Interspersed with this are scenes of Martin Van Buren losing his election campaign, Isabella II learning of the Africans' release and the Battle of Atlanta from the American Civil War. The final scenes depict Cinquè and the freed Africans returning to Africa,""]"
23,242,23_princesses_fairy_princess_fairies,"['princesses', 'fairy', 'princess', 'fairies', 'doll', 'wonderland', 'duchess', 'mermaid', 'alice', 'mermaids']","[""TITLE: Cinderella III: A Twist in Time\nGENRES: Children's/Family, Animation, Fantasy, Animated cartoon, Family Film, Romance Film\nYEAR: 2007\n\nPLOT FRAGMENT (1/4):\nOn the anniversary of Cinderella and Prince Charming's wedding, the Fairy Godmother surprises them, Jaq and Gus with a picnic in the woods. However, nearby is Cinderella's old mansion, where Anastasia and Drizella are bitterly doing Cinderella's old chores. While wandering off to avoid work, Anastasia stumbles across the Fairy Godmother's wand, which she had dropped, and in the ensuing struggle, Anastasia accidentally turns the Fairy Godmother to stone. Lady Tremaine and Drizella arrive to see what is happening, and Lady Tremaine becomes fascinated with the wand's power and revels at another chance to ruin Cinderella's life. Lady Tremaine uses the wand to go back in time with her daughters to the day the Grand Duke fitted the glass slipper on Cinderella. As before, Cinderella is locked in the attic with Jaq and Gus fighting Lucifer over the key. Lady Tremaine uses the wand to expand the slipper to fit Anastasia, and they are taken to the palace just as Cinderella emerges. Lady Tremaine breaks Cinderella's other slipper, her only alibi, and warns her to keep away from the palace. But Cinderella doesn't give up, and sneaks into the palace with Jaq and Gus. Understandably, Charming"", 'TITLE: Barbie in the 12 Dancing Princesses\nGENRES: Children\'s/Family, Computer Animation, Animation, Children\'s, Fantasy, Children\'s Fantasy, Family Film\nYEAR: 2006\n\nPLOT FRAGMENT (1/6):\n{{plot}} Barbie stars as Genevieve, a princess with eleven sisters: Ashlyn, Blair, Courtney, Delia, Edeline, Fallon, Hadley, Isla, Janessa, Kathleen and Lacey. Each princess is beautiful and different, but the twelve sisters have one thing in common: they all love to dance. They live in a castle with their widowed father, King Randolph. The girls\' adventurous and free-spirited natures are viewed as ""unladylike"" and ""unproper"" by other members of the royal society and often leads them to make rude comments about the princesses. Believing his daughters need a woman\'s touch, the king summons his cousin, Duchess Rowena, to the castle to help raise them. But, Rowena has her own plans: she plans to poison the king and get rid of his daughters so that she can be queen. Sensing trouble, Genevieve and her sisters try to reason with Randolph, but due to Rowena\'s interference, the king doesn\'t believe them and says they must listen to his cousin. Attempting to break the girls\' spirits, Rowena makes the princesses\' lives miserable by stripping the castle of everything they love, as well as banishing dancing and singing from the castle. Sad with the changes, the princesses find comfort in their', ""TITLE: Cinderella\nGENRES: Romance Film, Fantasy, Family Film, Musical, Animation\nYEAR: 1950\n\nPLOT FRAGMENT (3/4):\nthe ball after the godmother warns her that the spell will break at the stroke of midnight, meaning that her dress and everything else will change back to the way they were. At the ball, the Prince rejects every girl , until he sees Cinderella. The two fall in love and dance alone throughout the castle grounds until the clock starts to chime midnight. Cinderella flees to her coach and away from the castle, inadvertently dropping one of her glass slippers. After the Duke tells the King of the disaster, they plan to find Cinderella with the slipper they recovered during her exit. The next morning, the King proclaims that the Grand Duke will visit every house in the kingdom to find the girl who fits the glass slipper, so that she can be married to the Prince. When this news reaches Cinderella's household, her stepmother and stepsisters prepare for the Grand Duke's arrival. Cinderella, overhearing the news, begins dreamily humming the song from the palace ball the previous night. Upon realizing that Cinderella is the girl who danced with the Prince, Lady Tremaine locks Cinderella up to her attic bedroom. When the Grand Duke arrives, the mice steal the key to Cinderella's room, but""]"
24,231,24_marty_future_past_1985,"['marty', 'future', 'past', '1985', 'fiction', 'mckenzie', 'kevin', 'back', 'herbert', 'cartoon']","[""TITLE: Back to the Future Part II\nGENRES: Science Fiction, Adventure, Comedy, Time travel, Family Film, Sci-Fi Adventure, Humour\nYEAR: 1989\n\nPLOT FRAGMENT (3/5):\nJennifer return to 1985, unaware of Old Biff's previous actions, and Jennifer is left on the porch at her home. Marty and Doc soon discover that the 1985 to which they returned has changed dramatically. Biff has become wealthy and corrupted, and changed Hill Valley into a chaotic dystopia. Marty's father, George, was murdered in 1973, and Biff has forced his mother, Lorraine, to marry him instead. Doc has been committed to an insane asylum, and Dave, Linda and Marty are away at boarding schools. Doc finds evidence of the sports almanac and Biff's trip to the past in the DeLorean and tells Marty he needs to learn when the younger Biff received the almanac so they can correct the time line. Marty decides to confront Biff regarding the almanac. Biff explains that he received the book from an old man on November 12, 1955 who told him that he would never lose as long as he bet on every winner in the almanac. He was also told to eliminate anyone in particular who questioned him about the almanac in case of any attempt to change the past so Biff attempts to kill Marty during which time he reveals that he killed George, and allowed Hill Valley to be taken over by crime to prevent being"", ""TITLE: Back to the Future Part II\nGENRES: Science Fiction, Adventure, Comedy, Time travel, Family Film, Sci-Fi Adventure, Humour\nYEAR: 1989\n\nPLOT FRAGMENT (4/5):\nalmanac in case of any attempt to change the past so Biff attempts to kill Marty during which time he reveals that he killed George, and allowed Hill Valley to be taken over by crime to prevent being caught. However, Marty escapes with Doc and, with the new information, returns to 1955. Marty works undercover to trail the Biff of 1955. Marty is present when the Biff of 2015 arrives to give the Biff of 1955 the almanac, but Marty is unable to retrieve it. Marty is forced, with Doc's help, to try to get the book back during the Enchantment Under the Sea Dance, being careful to avoid undoing the events that he had already corrected in his previous visit. Eventually, Biff leaves the dance as Doc and Marty follow him silently. After a struggle, Marty takes the almanac from Biff, who crashes his car into a manure truck as Doc and Marty fly away in the DeLorean. With the storm approaching, Marty burns the almanac and restores the previous  timeline. However, the DeLorean is struck by lightning and disappears. A courier from Western Union arrives minutes later and gives Marty a seventy-year-old letter. It is from Doc, who became trapped in 1885 after the lightning strike made the DeLorean"", 'TITLE: Back to the Future\nGENRES: Science Fiction, Adventure, Americana, Humour, Comedy, Time travel, Sci-Fi Adventure, Family Film\nYEAR: 1985\n\nPLOT FRAGMENT (2/5):\ncar travels to a programmed date upon reaching 88 miles per hour, using the date November 5, 1955, as an example destination. Before Doc can make his first trip, the Libyan terrorists from whom he stole the plutonium shoot him. Marty attempts to escape in the DeLorean and inadvertently activates the time machine. He is transported back to November 5, 1955, and finds himself without the plutonium needed for the return trip. While exploring Hill Valley, Marty meets his teenaged father, who is being bullied by Biff. As George is about to be hit by Lorraine\'s father\'s car, Marty pushes him out of the way and is knocked out by the impact. Consequently, a teenaged Lorraine becomes infatuated with Marty instead of George. Marty is disturbed by her flirtations and leaves to find the younger Doc of 1955. Marty convinces Doc that he is from the future, and asks for help returning to 1985. Doc explains that the only available power source capable of generating 1.21 gigawatts of energy is a bolt of lightning. Discovering the ""Save the Clock Tower"" flyer that Marty received in 1985, indicating that lightning will strike the courthouse clock tower the following Saturday at 10:04 pm, Doc makes']"
25,192,25_superman_superheroes_superhero_villains,"['superman', 'superheroes', 'superhero', 'villains', 'dracula', 'batman', 'jason', 'robin', 'joker', 'planet']","[""TITLE: Batman Begins\nGENRES: Crime Fiction, Thriller, Superhero movie, Crime Drama, Superhero, Action/Adventure, Drama, Reboot, Action Thrillers, Action\nYEAR: 2005\n\nPLOT FRAGMENT (4/5):\nRa's reveals the League's plan to destroy Gotham: having stolen the Microwave Emitter and conspired with Crane, they intend to vaporize the city's toxin-riddled water supply, creating mass hysteria and violence. The League sets fire to the mansion and Bruce is nearly trapped inside, but Alfred saves him at the last minute. As the League begins unleashing the toxin, Batman rescues Rachel from a drug-induced mob and reveals his true identity to her. He entrusts Gordon with the Tumbler and pursues Ra's, who is using Gotham's train system to deliver the weapon throughout the city. Batman confronts Ra's on the train and escapes just as Gordon uses the Tumbler to destroy the elevated tracks, leaving Ra's to die in the ensuing crash. Batman becomes a public hero, but simultaneously loses Rachel, who cannot bring herself to love both Bruce and Batman. Bruce buys a controlling stake in the now publicly traded Wayne Enterprises, fires Earle, and replaces him with Fox as the new CEO. Jim Gordon is promoted to Lieutenant, showing Batman the Bat-Signal and mentions a costumed criminal who leaves Joker playing cards at crime scenes. Batman promises to investigate this new criminal while"", 'TITLE: Superman II\nGENRES: Science Fiction, Adventure, Superhero movie, Superhero, Action/Adventure, Alien Film, Family Film, Action\nYEAR: 1981\n\nPLOT FRAGMENT (2/4):\n""kneel before Zod!"" Prior to Zod\'s arrival, the Daily Planet sends Clark Kent and Lois Lane  to Niagara Falls. Lois becomes suspicious that Clark is Superman and tries to lure him into revealing his identity by throwing herself into the Falls, but Clark manages to save her with subtle use of his powers. That night, Clark accidentally falls into the room\'s fireplace when trying to recover Lois\' fallen hairbrush; when Lois discovers his hand is unburned, Clark is forced to admit he is Superman. He takes her to his Fortress of Solitude near the North Pole and shows her the traces of his past stored in the energy crystals of the Fortress, one of which is the green crystal that created the Fortress and opened Superman\'s contact with his parents. Superman decides to transform himself into a human by exposing himself to Red Kryptonian sunlight in a crystal chamber, giving up his powers to become romantically closer to Lois despite the pleas of the artificial intelligence of his mother, Lara. After spending the night together, the two return to populated areas by automobile, and learn of Zod\'s conquest of the world. Realizing that humanity cannot fight Zod themselves, Clark decides to', ""TITLE: Superman II: The Richard Donner Cut\nGENRES: Science Fiction, Superhero movie, Superhero, Action/Adventure, Alien Film, Family Film, Action, Romance Film\nYEAR: 2006\n\nPLOT FRAGMENT (2/4):\napproaching alpha wave signal using the same tracking device he used to locate the Fortress. At the Daily Planet, Lois Lane suspects that Clark Kent is Superman. She tests Clark by jumping out of a window, but Clark uses his powers to save her while appearing to have done nothing. The newspaper sends Clark and Lois to Niagara Falls. Superman's rescue of a small boy renews Lois' suspicions, and she tricks Clark with a gun loaded with blanks into admitting that he is Superman. Meanwhile Zod, Non and Ursa, arrive on the moon and ruthlessly attack some astronauts, learning of their Superpowers. They fly towards the 'Planet Houston', where they intend to rule as 'Gods'. They destroy a small town, then travel to Washington to force the President to surrender to Zod on behalf of the entire planet. When the President pleads for Superman to save the Earth, Zod demands that Superman come. Superman, unaware of the arrival of Zod, takes Lois Lane to his Fortress of Solitude. After spending the night together, Superman decides to transform himself into a human by exposing himself to red Kryptonian sunlight in a crystal chamber. The two return to society and learn of Zod's conquest of the""]"
26,165,26_cartoon_mouse_animated_minstrels,"['cartoon', 'mouse', 'animated', 'minstrels', 'birthday', 'goofy', 'mickey', 'actor', 'pete', 'animation']","[""TITLE: Mickey's Gala Premier\nRELEASE DATE: 1933-07-01\nGENRES: Black-and-white, Animation, Short Film, Musical, Comedy, Family Film\nRUNTIME: 7.0 min\nBOX OFFICE: Unknown Box Office\nCAST PART 1: Walt Disney as Mickey Mouse (Age: 31); Marcellite Garner as Minnie Mouse (Age: 22)\nCONTENT TYPE: Movie Technical Specs and Cast List.\n"", ""TITLE: On Ice\nRELEASE DATE: 1935-09-28\nGENRES: Short Film, Animated cartoon, Comedy, Children's/Family\nRUNTIME: 8.0 min\nBOX OFFICE: Unknown Box Office\nCAST PART 1: Clarence Nash as Donald Duck (Age: 30); Pinto Colvig as Goofy (Age: N/A); Pinto Colvig as Pluto (Age: N/A); Walt Disney as Mickey Mouse (Age: 33); Marcellite Garner as Minnie Mouse (Age: 25)\nCONTENT TYPE: Movie Technical Specs and Cast List.\n"", 'TITLE: Mickey\'s Gala Premier\nGENRES: Black-and-white, Animation, Short Film, Musical, Comedy, Family Film\nYEAR: 1933\n\nPLOT FRAGMENT (2/3):\nbuilding, followed by The Marx Brothers all hidden under Groucho Marx\' coat. Mae West enters  and utters her famous line, ""Why don\'t you come up sometime and see me?"", which shocks and embarrasses Grauman. Then Mickey Mouse, Minnie Mouse, Pluto, Horace Horsecollar and Clarabelle Cow arrive in limousine and are cheered by the audience. Once inside the theatre Mickey’s new cartoon, “Gallopin\' Romance”, premieres. The plot revolves around Mickey and Minnie playing music together, when suddenly Pegleg Pete kidnaps Minnie and drives off on a horse . Mickey chases him and beats Pete in the end, bringing Minnie to safety. All the guests in the theatre move rhythmically to the music. We can see Helen Hayes, William Powell, Chester Morris, Gloria Swanson and George Arliss in the audience. In the next close-up scenes the viewer can identify Jimmy Durante, Wallace Beery, Marie Dressler, Rudy Vallee, Joan Crawford, Will H. Hays  and Greta Garbo. Ed Wynn, Wheeler & Woolsey, Laurel & Hardy all laugh with the cartoon. Bela Lugosi , Fredric March  and Boris Karloff  do the same, but with spooky evil laughter. Joe E. Brown laughs so loud that his enormous mouth opens wide, while Buster Keaton']"
27,123,27_skywalker_wars_star_galactic,"['skywalker', 'wars', 'star', 'galactic', 'episode', 'falcon', 'battle', 'fiction', 'rebel', 'imperial']","['TITLE: Star Wars Episode IV: A New Hope\nGENRES: Science Fiction, Adventure, Fantasy, Coming of age, Family Film, Action, Space western\nYEAR: 1977\n\nPLOT FRAGMENT (2/4):\nwho lives in the nearby hills. The next morning, upon finding R2-D2 after he escapes to seek Obi-Wan, Luke meets Ben Kenobi, revealing himself to be Obi-Wan. Obi-Wan tells Luke of his days as a Jedi Knight, one of a faction of former galactic peacekeepers who were wiped out by the Empire. Contrary to his uncle\'s statements, Luke learns that his father Anakin Skywalker fought alongside Obi-Wan as a Jedi Knight before he was betrayed and killed by Vader, Obi-Wan\'s former pupil who turned to the ""dark side of the Force"", and gives Luke his father\'s lightsaber. Obi-Wan views Leia\'s complete message in which she begs Obi-Wan to take the Death Star plans to her home planet of Alderaan for her father to retrieve and analyze. He then asks Luke to accompany him and learn the ways of the Force. Luke initially refuses, but changes his mind after discovering that Imperial stormtroopers have destroyed his home and killed his aunt and uncle in search of C-3PO and R2-D2. Obi-Wan and Luke hire smuggler Han Solo  and his Wookiee first mate Chewbacca ([[Peter Mayhew  to transport them on their ship, the Millennium Falcon. Upon the Falcon{{\'}}s arrival at Alderaan, they find that the planet has', ""TITLE: Star Wars Episode VI: Return of the Jedi\nGENRES: Science Fiction, Adventure, Space opera, Fantasy, Family Film, Action\nYEAR: 1983\n\nPLOT FRAGMENT (3/4):\nunsuccessfully tries to convince Vader to turn from the dark side of the Force, but Vader takes Luke to the Death Star to meet Emperor Palpatine, his Sith master and leader of the Empire. Luke learns that the Death Star is fully operational and set to destroy the Rebellion. On Endor, the Rebels are captured by Imperial forces, but a surprise counterattack by the Ewoks allows the Rebels to launch an attack. Meanwhile, Lando leads the Rebel fleet in the Millennium Falcon to the Death Star, only to find the station's shield is still up and the Imperial fleet waiting for them. Palpatine tempts Luke to give in to his anger and join the dark side, and Luke and Vader engage in a lightsaber duel. Vader discovers that Luke has a sister, and threatens to turn her to the dark side. Luke snaps and attacks Vader, severing his father's right hand. Palpatine entreats Luke to kill Vader and take his place; Luke steps back from the brink and refuses, declaring himself a Jedi. Palpatine attacks him with Force lightning. Unable to watch his son suffer, Vader turns on Palpatine and throws him down a reactor shaft to his death, dooming himself to die in the process. With his dying breaths, the"", ""TITLE: Star Wars Episode V: The Empire Strikes Back\nGENRES: Science Fiction, Adventure, Space opera, Fantasy, Family Film, Action\nYEAR: 1980\n\nPLOT FRAGMENT (1/5):\nThe film begins with an opening crawl explaining that three years after destroying the Death Star, the Rebel Alliance has suffered setbacks in their struggle against the Galactic Empire. Princess Leia now leads a contingent that includes Han Solo and Luke Skywalker in a hidden base on an icy planet of the Hoth system. A probe droid, one of many sent by Darth Vader throughout the galaxy in hopes of finding Luke and the other rebels, lands on Hoth. Luke goes to investigate but is ambushed by a monstrous, furry wampa. While Han Solo searches for him, Luke frees himself from the wampa's cave with his lightsaber but soon succumbs to the freezing temperatures of the snowy wasteland. The spirit of his late mentor, Obi-Wan Kenobi, appears before him and instructs him to go to the planet Dagobah to train under Jedi Master Yoda . Han manages to find Luke and uses the warmth of his dead tauntaun mount to keep him alive while they wait to be rescued. Just as Luke recovers, the Imperial fleet, having been alerted to the location of the Rebel base by the probe droid, launches an attack using gigantic AT-AT Walkers. The Rebels mount a strong defense, and Luke brings down a walker single-handedly""]"
28,112,28_rome_romans_demetrius_julius,"['rome', 'romans', 'demetrius', 'julius', 'emperor', 'queen', 'roman', 'lucius', 'imperial', 'colosseum']","[""TITLE: Cleopatra\nGENRES: History, Roadshow theatrical release, Epic, Period piece, War film, Drama, Costume drama, Romantic drama, Biographical film, Romance Film\nYEAR: 1963\n\nPLOT FRAGMENT (3/6):\nwins the adulation of the Roman people. The Senate grows increasingly discontented amid rumors that Caesar wishes to be made king, which is anathema to the Romans. On the Ides of March in 44 B.C., the Senate is preparing to vote on whether to award Caesar additional powers. Despite warnings from his wife Calpurnia  and Cleopatra, he is confident of victory. However, he is stabbed to death by various senators. Octavian , Caesar's nephew, is named as his heir, not Caesarion. Realizing she has no future in Rome, Cleopatra returns home to Egypt. Two years later, Caesar's assassins, among them Cassius  and Brutus , are killed at the Battle of Philippi. The following year, Mark Antony  establishes a second triumvirate with Octavian and Lepidus. They split up the empire: Lepidus receives Africa, Octavian Spain and Gaul, while Antony will take control of the eastern provinces. However, the rivalry between Octavian and Antony is becoming apparent. While planning a campaign against Parthia in the east, Antony realizes he needs money and supplies, and cannot get enough from anywhere but Egypt. After refusing several times to leave Egypt, Cleopatra gives in and meets him in Tarsus. Antony"", ""TITLE: Cleopatra\nGENRES: History, Roadshow theatrical release, Epic, Period piece, War film, Drama, Costume drama, Romantic drama, Biographical film, Romance Film\nYEAR: 1963\n\nPLOT FRAGMENT (2/6):\nCleopatra angrily confronts Caesar, but he refuses to pull troops away from the fight with Ptolemy's forces to deal with the fire. In the middle of their spat, Caesar begins kissing her. The Romans hold, and the armies of Mithridates arrive on Egyptian soil. The following day, Caesar passes judgment. He sentences Ptolemy's lord chamberlain to death for arranging an assassination attempt on Cleopatra, and rules that Ptolemy and his tutor be sent to join Ptolemy's now greatly outnumbered troops, a sentence of death as the Egyptian army faces off against Mithridates. Cleopatra is crowned Queen of Egypt. She dreams of ruling the world with Caesar. When their son Caesarion is born, Caesar accepts him publicly, which becomes the talk of Rome and the Senate.  Caesar returns to Rome for his triumph, while Cleopatra remains in Egypt. Two years pass before the two see each other again. After he is made dictator for life, Caesar sends for Cleopatra. She arrives in Rome in a lavish procession and wins the adulation of the Roman people. The Senate grows increasingly discontented amid rumors that Caesar wishes to be made king, which is anathema to the Romans. On the Ides of March in 44 B.C.,"", 'TITLE: Julius Caesar\nGENRES: Costume drama\nYEAR: 2002\n\nPLOT FRAGMENT (4/6):\nto give in to the Romans attacking his home. He tells Caesar his name is Vercingetorix. Caesar asks the warrior why it is he is willing to die for something that will be destroyed no matter what and the warrior replies because it ""is his"". Because of his strength of will, Caesar lets him go, giving him a horse. However later on, the same warrior chief gathers a huge army and battles Caesar\'s army at the Battle of Alesia. Outnumberd Caesar\'s army emerges victorious despite being surrounded. Back in Rome Julia dies in childbirth, and Pompey begins to turn against Caesar who he fears is becoming too powerful. He allies with Cato to politically attack Caesar back in Rome. Caesar sends Mark Antony to talk to the Senate, which makes the situation worse. Pompey plans to attack Caesar before he returns to Rome. Caesar begins to make his way back to Rome and crosses the river Rubicon. Pompey, Cato and Brutus all decide to leave to regroup their own troops in Greece. Upon his return to Rome Caesar is made Dictator. He then catches up with and defeats Pompey at the Battle of Pharsalus, who then flees to Egypt. After the battle Caesar pardons the captured soldiers of Pompey, including Brutus']"
29,97,29_jekyll_hyde_horror_mr,"['jekyll', 'hyde', 'horror', 'mr', 'evil', 'dawson', 'henry', 'sarah', 'lewis', 'muriel']","[""TITLE: Dr. Jekyll and Mr. Hyde\nGENRES: Science Fiction, Horror, Black-and-white, Drama, Point of view shot, Pre-Code\nYEAR: 1931\n\nPLOT FRAGMENT (2/5):\nreturns to the music hall where Ivy works, and offers to tend to her financial needs in return for her company. She reluctantly agrees and the two move in together. Hyde terrorizes Ivy, being both abusive and controlling. However, when Hyde finds that Muriel and her father are returning to London, he leaves her for a while. On advice from her landlady Mrs. Hawkins , Ivy goes to see Dr. Jekyll, hoping that he can free her of the abusive Hyde. When she arrives, Ivy sees that the celebrated Dr. Jekyll was the same man who saved her from abuse just months before. She breaks down in tears over her situation with Hyde and Jekyll promises Ivy that she will never have to worry about Hyde again. While on his way to a party at the Carews' home to celebrate their return and the announcement of a new wedding date to Muriel, Jekyll, without the use of his drugs, suddenly changes into Hyde. Ivy, who thought she was free of Hyde forever, is terrified when Hyde appears before her. Hyde angrily confronts her about seeing Jekyll and, just before murdering her, reveals that he and Jekyll are one and the same. Hyde escapes and heads back to Jekyll's house but his servant Poole refuses to open the"", ""TITLE: Dr. Jekyll and Mr. Hyde\nGENRES: Science Fiction, Horror, Black-and-white, Drama, Point of view shot, Pre-Code\nYEAR: 1931\n\nPLOT FRAGMENT (3/5):\nher about seeing Jekyll and, just before murdering her, reveals that he and Jekyll are one and the same. Hyde escapes and heads back to Jekyll's house but his servant Poole refuses to open the door. Desperate, Hyde writes a letter to Lanyon from Jekyll instructing Lanyon to get certain chemicals and have them waiting for him at Lanyon's home. When Hyde arrives, Lanyon pulls a gun on him and demands that Hyde take him to Jekyll. Hyde tells Lanyon that Jekyll is safe, but Lanyon doesn't believe him and refuses to let him leave. Realizing there is not much time, Hyde drinks the formula in front of Lanyon. Lanyon is shocked to witness the transformation and tells his friend that he has practically damned his soul for tampering with the laws of God. With Ivy's murder, Sir Danvers' anger towards him for missing the party, and Hyde's persona beginning to dominate his own, Henry Jekyll's life continues to spiral out of control. He later goes to the Carews' where Sir Danvers coldly rejects his visit but Muriel welcomes him. Jekyll tells Muriel that he must break up with her and begins to leave. Standing out on the terrace and tearfully watching Muriel cry, Jekyll begins to change into Hyde"", ""TITLE: Dr. Jekyll and Mr. Hyde\nGENRES: Science Fiction, Horror, Black-and-white, Drama, Point of view shot, Pre-Code\nYEAR: 1931\n\nPLOT FRAGMENT (1/5):\nThe film tells the story of Dr. Henry Jekyll , a kind English doctor in Victorian London who is certain that within each man lurks impulses for both good and evil. One evening Jekyll attends a party at the home of his fiancee Muriel Carew , the daughter of Brigadier General Sir Danvers Carew . After the other guests have left, Jekyll informs Sir Danvers that, after speaking to Muriel, he wants Carew's permission to push up their wedding date. Sir Danvers sternly refuses Jekyll's request. Later, while walking home with his colleague, Dr. John Lanyon , Jekyll spots a bar singer, Ivy Pearson , being attacked by a man outside her boarding house. Jekyll drives the man away and carries Ivy up to her room to attend to her. Ivy begins flirting with Jekyll and feigning injury, but Jekyll fights temptation and leaves with Lanyon. Muriel and Sir Danvers leave London for a few months. In the meantime, Jekyll develops a drug to release the evil side in himself, thus becoming the violent Mr. Hyde. Hyde returns to the music hall where Ivy works, and offers to tend to her financial needs in return for her company. She reluctantly agrees and the two move in together. Hyde terrorizes Ivy, being both""]"
30,94,30_political_republican_nominee_electoral,"['political', 'republican', 'nominee', 'electoral', 'candidate', 'republicans', 'congressman', 'candidates', 'election', 'votes']","['TITLE: My Fellow Americans\nGENRES: Political cinema, Political satire, Satire, Buddy film, Comedy\nYEAR: 1996\n\nPLOT FRAGMENT (1/5):\nRepublican Senator Russell Kramer  wins the Presidential election, narrowly defeating Democratic Governor Matt Douglas . Four years later, Douglas wins a landslide victory over the incumbent Kramer. Another four years later, Kramer\'s former Vice President William Haney  defeats incumbent Douglas. Ted Matthews ([[John Heard , the Vice President under Haney, is widely seen as an idiot and becomes a continuing embarrassment for the Haney administration. A further three years later, Kramer spends his time writing books and speaking at various inconsequential functions. Meanwhile, Douglas is finishing his own book and going through a divorce. Kramer and Douglas are sent to a funeral aboard Air Force One by Haney, and spend the trip arguing with each other. The Democratic party learn about ""Olympia"", a series of bribes from defense contractor Charlie Reynolds  paid to Haney when he was Vice President. The Democratic National Committee chairman Joe Hollis  encourages Douglas to investigate further while Haney and his Chief of Staff Carl Witnaur  plot to frame Kramer. Hollis tells Douglas that the Democrats will support him for a Presidential run in return for his help. Douglas takes the', ""TITLE: Man of the Year\nGENRES: Thriller, Parody, Satire, Drama, Comedy, Political cinema\nYEAR: 2006\n\nPLOT FRAGMENT (1/6):\nThe story opens with Tom Dobbs , a comedian and host of a satirical talk show who is able to tap into people's frustrations with the sharply divided, special interest-driven political climate. Specifically, he makes fun of the American two-party system. During his warm-up act, an audience member suggests that he run for President. At first, Dobbs laughs off the idea, but following a popular groundswell of support, later announces on the air that he will stand as a candidate. Through his efforts, he gets on the ballot in 13 states and participates in one of the national debates with the Democratic incumbent, President Kellogg, and Republican U.S. Senator Mills. A parallel plot follows Eleanor Green , who works at a voting machine company called Delacroy. According to a television commercial in the movie, the entire United States will be using Delacroy voting machines for the Presidential election. Shortly before the elections, Eleanor notices an error in the voting system, but the head of the company, James Hemmings, purposefully ignores her warnings. Initially, Dobbs approaches the campaign seriously – perhaps too seriously, to the chagrin of his staff, especially his manager Jack"", ""TITLE: The Ides of March\nGENRES: Drama, Political drama\nYEAR: 2011\n\nPLOT FRAGMENT (1/5):\nStephen Meyers  is the junior campaign manager for Mike Morris , Governor of Pennsylvania and a Democratic presidential candidate, competing against Arkansas Sen. Ted Pullman  in the Democratic primary. The candidates are campaigning in Ohio. Both campaigns are attempting to enlist the endorsement of North Carolina Democratic Sen. Franklin Thompson ([[Jeffrey Wright , who controls 356 convention delegates, enough to clinch the nomination for either candidate. After a debate at Miami University, Meyers is asked by Pullman's campaign manager, Tom Duffy , to meet in secret. Meyers calls his boss, senior campaign manager Paul Zara , who doesn't answer. Meyers leaves a message that something important has come up. Meyers decides to meet Duffy, who offers Meyers a position in Pullman's campaign, an offer Meyers refuses. Zara calls Meyers back and asks what was important, but Meyers says it was nothing to worry about. Meyers starts a sexual relationship with Molly Stearns , an intern for Morris' campaign and daughter of Jack Stearns , the chairman of the Democratic National Committee. Meyers admits to an angry Zara that he met with Duffy, and that Duffy said his candidate, Pullman, will""]"
31,85,31_thriller_suspense_detective_terror,"['thriller', 'suspense', 'detective', 'terror', 'fiction', 'murder', 'killer', 'holmes', 'spy', 'sherlock']","['TITLE: Sherlock Holmes and the Secret Weapon\nGENRES: Thriller, Detective fiction, Detective, Black-and-white, Mystery, Drama, Film adaptation, Crime Thriller, Action, Spy\nYEAR: 1943\n\nPLOT FRAGMENT (4/4):\npride to trick him into slowly bleeding Holmes to death ""drop by drop"", to stall for time. Holmes is saved at the last minute, however, by Watson and Lestrade, who with Hoffner\'s help, successfully followed the drops. Scotland Yard apprehends the spies, but Moriarty escapes. When he attempts to complete his escape through a secret passageway, he falls sixty feet to his death; Holmes has discovered the criminal\'s hidden trap door and left it open.David Stuart Davies, Holmes of the Movies  ISBN 450 03358 9 This is the second Basil Rathbone ""Sherlock Holmes"" film in which Moriarty dies. He is thrown to his death from the top of the Tower of London by Holmes in 1939\'s The Adventures of Sherlock Holmes. During the course of the adventure, Holmes adopts the disguises of an elderly German bookseller , the lascar sailor Ram Singh, and the Swiss scientist Professor Hoffner. His disguise as the bookseller was parodied in the film The Pink Panther. The film is a loose adaptation of The Adventure of the Dancing Men; while credited as an adaptation, the only content which bears similarity is the ""dancing men"" code.', ""TITLE: Sherlock Holmes\nGENRES: Crime Fiction, Thriller, Detective fiction, Action/Adventure, Period piece, Drama, Comedy, Crime Thriller, Action\nYEAR: 2009\n\nPLOT FRAGMENT (2/4):\nThe concealed man states that Reordan is the key to Blackwood's plans. Holmes only learns that the man is a professor and that he intimidates Adler. Blackwood's tomb is destroyed from the inside out, Reordan is found dead inside the coffin, and sightings of a living dead Blackwood, which has left a gravedigger in shock, cause public panic. Following a series of clues from the body, Holmes and Watson find Reordan's home and discover experiments attempting to merge science with magic. After they survive a battle with Blackwood's men, Holmes is taken to the Temple of the Four Orders, a secret magical organization. The leaders – Lord Chief Justice Sir Thomas Rotheram , U.S. Ambassador Standish ([[William Hope , and Home Secretary Lord Coward  – ask Holmes to stop Blackwood, a former member of the society and, as Holmes deduces from physical similarities, Sir Thomas's son. Sir Thomas and Standish are later killed through apparently supernatural means by Blackwood, allowing him to control the Order. He plans to overthrow the British government, then conquer the United States and the world. He lures Holmes to a warehouse where he finds Adler, chained to a hook, gagged, and heading"", ""TITLE: Sherlock Holmes\nGENRES: Crime Fiction, Thriller, Detective fiction, Action/Adventure, Period piece, Drama, Comedy, Crime Thriller, Action\nYEAR: 2009\n\nPLOT FRAGMENT (1/4):\nIn 1890, London detective Sherlock Holmes  and his partner and flatmate Dr. John Watson  race to prevent the ritual murder of a woman by Lord Blackwood , who has killed five other young women similarly. They stop the murder before Inspector Lestrade  and the police arrive to arrest Blackwood. Three months later, Holmes' eccentric behavior again annoys Watson. While he enjoys their adventures together, Watson looks forward to marrying Mary Morstan  and leaving 221B Baker Street. Meanwhile, Blackwood has been sentenced to death and requests to see Holmes in prison, where he warns of three more unstoppable deaths that will cause great changes to the world. Blackwood is subsequently hanged and pronounced dead by Watson. Three days later, Holmes is visited by Irene Adler , a professional thief and his former adversary, who asks him to find a missing man named Luke Reordan. After her departure, Holmes follows her as she meets with her secret employer, hidden in the shadows of a carriage. The concealed man states that Reordan is the key to Blackwood's plans. Holmes only learns that the man is a professor and that he intimidates Adler. Blackwood's tomb is destroyed from the inside out,""]"
32,81,32_tweety_tat_cartoon_taw,"['tweety', 'tat', 'cartoon', 'taw', 'mallet', 'hyde', 'feline', 'sam', 'dat', 'pole']","['TITLE: Tweety\'s SOS\nGENRES: Short Film, Family Film, Comedy film, Animation\nYEAR: 0\n\nPLOT FRAGMENT (1/4):\nThe story opens with Sylvester rummaging through trash cans for food. When he does not find anything worth satisfying, he is very sad and goes to the dock. As he is sitting there, he is by a cruise ship and Tweety is swinging in his cage. When Sylvester sees Tweety, he calls Tweety his breakfast and Tweety slams the port door on Sylvester dropping him in the water. Sylvester manages to come on board and decides to go into the cabin where Tweety is. Eventually, he gets Tweety in his hands and starts to go out only to find Granny there at the door very angry wanting to know what Sylvester is doing to her little bird. Sylvester chuckles nervously and gives Tweety back to Granny with Tweety replying ""Ooh, what a hypotwit."" A chase ensues with Granny hitting Sylvester with her umbrella. During the chase, Granny loses her glasses and cannot find them. Sylvester sees them and kicks them under the couch before Granny grabs them. Another chase starts with Sylvester chasing Tweety around the cabin. Soon, Tweety finds Granny\'s glasses under the couch and climbs on her by putting the glasses back on her and then Sylvester jumps into Granny and then she misses hitting Sylvester eventually', ""TITLE: Gift Wrapped\nGENRES: Short Film\nYEAR: 1952\n\nPLOT FRAGMENT (2/3):\nfeline retrieves a ladder, climbs up to Tweety's cage, and opens it with the intent to eat him. Tweety Bird manages to convince Sylvester that a huge present waiting under the Christmas tree is for Sylvester. Sylvester abandons Tweety in his greed, and opens the present with relish. It turns out to be Hector the Bulldog, who promptly eats Sylvester. Granny arrives and forces Hector to spit out Sylvester, and then throws the dog out of her house. Sylvester then attempts to get to Tweety by using a toy steam crane. Instead, he catches an angry Granny, who chases and bashes Sylvester with a broom. The feline retreats to the second floor of the house and attempts to saw a hole in the floor so as to be able to descend upon Tweety from above. Tweety replaces himself in the cage with a stick of lit dynamite, which goes off just as Sylvester pulls the cage up to his level. Sylvester then puts the wrecked cage back and stumbles down the stairs, blackened and torn up from the explosion. He next attempts a Western-style showdown with Tweety; himself playing the part of Geronimo, with Tweety playing Hopalong Cassidy. After being shot by a pop-gun , Sylvester wins, but before he can consume"", 'TITLE: Tweety\'s SOS\nGENRES: Short Film, Family Film, Comedy film, Animation\nYEAR: 0\n\nPLOT FRAGMENT (2/4):\ncabin. Soon, Tweety finds Granny\'s glasses under the couch and climbs on her by putting the glasses back on her and then Sylvester jumps into Granny and then she misses hitting Sylvester eventually chasing him outside and throwing the umbrella at him. The cruise ship sails off with Granny and Tweety saying ""Goodbye"" to everyone and Sylvester as a stowaway on a little boat with the number 13 on it. Tweety and Granny are resting on the deck so Sylvester decides to do something about getting Tweety and paints a picture of Tweety on Granny\'s glasses. Sylvester opens Tweety\'s cage and then Tweety yells ""Help!"" and then Granny is worried about Tweety and then she sees Tweety, unknowing that Sylvester had painted a picture of him on her glasses. Sylvester chases Tweety onto a wire where Tweety goes across safely and Sylvester is having trouble coming across. Tweety springs the wire so that Sylvester is now with his paw hanging on the wire. With Sylvester sweating, Tweety starts doing an ""Eeny, Meeny, Miny, Moe"" by pulling Sylvester\'s fingers off the wire: ""Eenie, Meanie, Minie..."" and when he almost goes to Moe, Sylvester falls and splashes into the water and Tweety replies ""Well, what']"
33,80,33_tora_toru_japanese_japan,"['tora', 'toru', 'japanese', 'japan', 'hokkaido', 'kyoto', 'tokyo', 'san', 'geisha', 'keiko']","[""TITLE: Tora-san's Promise\nGENRES: Japanese Movies\nYEAR: 1981\n\nPLOT FRAGMENT (1/1):\nTora-san returns to his family's home to attend an elementary school class reunion. After he embarrasses himself by getting drunk and insulting all his ex-classmates, he resumes his travels. In Kyushu he meets an outspoken 18-year-old girl who becomes enamored of Tora-san and follows him around. One of Tora-san's old friends is terminally ill and makes Tora-san promise him to marry his wife once he is gone.<ref name  http://www.kinejun.jp/cinema/id/17135|title2010-01-21|languageKinema Junpo}}<ref name Stuart |last Stuart Galbraith IV|urlTora-san 28: Tora-san's Promise  |date2010-01-21|publisherhttp://ftvdb.bfi.org.uk/sift/title/305836|title2010-01-21|publisher=British Film Institute}}"", 'TITLE: Tora-san Loves an Artist\nGENRES: Japanese Movies\nYEAR: 1973\n\nPLOT FRAGMENT (1/1):\nTora-san watches the family shop while the rest of his family takes a vacation to Kyushu. An old friend introduces Tora-san to his sister Ritsuko, and he promptly falls in love with her. She is an artist and has no time for Tora-san.<ref name  http://www.kinejun.jp/cinema/id/18159 |title2010-01-18|languageKinema Junpo}}<ref name Stuart |last Stuart Galbraith IV|urlTora-san 12: Tora-san Loves an Artist  |date2010-01-18|publisherhttp://ftvdb.bfi.org.uk/sift/title/305848|title2010-01-18|publisher=British Film Institute}}', ""TITLE: Tora-san Meets His Lordship\nGENRES: Japanese Movies\nYEAR: 1977\n\nPLOT FRAGMENT (1/1):\nTora-san returns to his family home in Shibamata, Tokyo, but soon leaves again due to squabbles involving a dog they have named Tora-san. During his travels in Shikoku, Tora-san makes the acquaintance of a descendant of a local daimyō. The old man asks Tora-san to find his son's widow in Tokyo, whom he had previously alienated.<ref name  http://www.kinejun.jp/cinema/id/18723|title2010-01-18|languageKinema Junpo}}<ref name Stuart |last Stuart Galbraith IV|urlTora-san 19: Tora-san meets His Lordship  |date2010-01-18|publisherhttp://ftvdb.bfi.org.uk/sift/title/305842|title2010-01-18|publisher=British Film Institute}}""]"
34,72,34_goats_sheep_sheepdog_wool,"['goats', 'sheep', 'sheepdog', 'wool', 'wolf', 'ramón', 'animals', 'wally', 'freddy', 'comic']","[""TITLE: Don't Give Up the Sheep\nGENRES: Short Film, Family Film, Comedy film, Animation\nYEAR: 1953\n\nPLOT FRAGMENT (1/4):\nIntroduction: Like all Sam Sheepdog and Ralph Wolf shorts, this one revolves around Ralph Wolf trying to steal the sheep which Sam Sheepdog is guarding. Ralph does not work with Sam in this one, unlike later shorts.  1. Ralph's first plan is to trick Sam into going home early, by turning the time on the punch clock forward and setting the whistle off. Sam is initially tricked into thinking that the whistle indicated quitting time, punches out, and heads home. However, he quickly notices on the clock of a church steeple that it's 9:00 with its bells chiming and hurries back to see Ralph carrying a comically large pile of sheep. Sam Sheepdog suddenly appears behind a tree and breaks a tree branch over Ralph's head, driving Ralph into the ground . 2. Ralph's second attempt involves disguising himself as a bush. After stealing a sheep and starting to run away, he runs past Sam, who himself is disguised as a tree and starts to follow Ralph. Sam hits Ralph on the head with a branch, leaving Ralph very confused and with a large lump on his head. After attempting to run further, this occurs once more, and Ralph is left with two lumps on his head. Ralph then gives up and carries the sheep"", ""TITLE: Ready, Woolen and Able\nGENRES: Short Film, Family Film, Comedy, Animation\nYEAR: 1960\n\nPLOT FRAGMENT (1/4):\nIntroduction: Like all Sam Sheepdog and Ralph Wolf shorts, this one revolves around Ralph Wolf trying to steal the sheep which Sam Sheepdog is guarding. The short begins with a juxtaposition of how Sam and Ralph get to work. Sam takes a leisurely drive to work in what appears to be a caricature of shoddy Ford Model T. Behind him, Ralph speeds past in a drag racer. After Ralph hastily parks and walks away, Sam pulls into his spot, careful to make the correct hand signals as he turns. 1. As soon as the whistle blows, Ralph sprints off to catch a sheep. Sam lumbers to his perch, grabbing a rake on his way and drops it in front of Ralph's path. Ralph steps on the rake causing the rake to smack him in the face. As the sheep jumps away, it lands on Ralph's back, bending him in half. 2. Next, Ralph attempts to use a lever to launch a stick of dynamite into Sam. However, as Ralph jumps on to one end of the lever, the stick of dynamite simply rolls into him. 3. In Ralph's third attempt, he rolls an open barrel of gun-powder down a hill toward Sam, which leaves a trail of powder as it rolls. Ralph lights the trail after the barrel starts moving, but the barrel hits a rock and flies over Sam"", ""TITLE: Sheep Ahoy\nGENRES: Short Film, Family Film, Comedy, Animation\nYEAR: 1954\n\nPLOT FRAGMENT (1/3):\n{{plot}} Introduction: Like all Sam Sheepdog and Ralph Wolf shorts, this one revolves around Ralph Wolf trying to steal the sheep guarded by Sam Sheepdog. Unlike later episodes where Ralph will not attempt to steal any sheep until Ralph and Sam have officially started work, in this short Ralph uses the time between the shifts of the two sheepdogs to make his first move. 1. By the time Sam sits on the edge of his cliff to watch over the sheep, Ralph is already attempting to carry a sheep away. Sam casually pushes a rock over the ledge, which falls on Ralph's head. In a stupor, Ralph places the sheep on the ground and lets it go just before he falls unconscious and grows a large lump on his head. 2. Ralph next attempts to drop a large boulder on Sam, but a tree branch catches the boulder and propels it upwards again as it crushes Ralph. 3. Ralph's next attempt is to pole vault over Sam to get a sheep. Sam casually grabs the pole, lowers it over the edge until Ralph is eye level with Sam, and punches him in the face. 4. Next, Ralph attempts to sneak into the field by surrounding himself with a cloud of smoke from an Acme smoke bomb. Sam heads him off at the pass and drops a stick of""]"
35,71,35_raven_kane_poe_stories,"['raven', 'kane', 'poe', 'stories', 'malachi', 'killer', 'sultan', 'die', 'edgar', 'martin']","['TITLE: Saboteur\nGENRES: Thriller, Chase Movie, Black-and-white, Action/Adventure, Mystery, Suspense, Crime Thriller, Romance Film, Action, Spy\nYEAR: 1942\n\nPLOT FRAGMENT (5/8):\nwhy someone who has benefited most from living in a free country would work to bring it down. Tobin ridicules Kane\'s simple-minded belief in good and evil, and claims he is in it for the ""power"". The saboteurs lock Kane in the cellar and Martin in an office at Rockefeller Center. Martin drops a note from her window, alerting cabbies on the street to ""watch for the flickering lights above"". They notify the FBI who rescue her. Meanwhile, desperate to escape, Kane triggers a fire alarm at the mansion and escapes in the pandemonium. Across the street, watching all the servants fleeing the mansion, Kane asks a man on the street if he knows whose place it is. The man answers that it is the ""Sutton mansion"", home of a well-known philanthropic older woman. Kane races to the shipyard, abandoning his taxi when it becomes stalled in traffic, because time is running out. At the gate to the Navy Yard, he is stopped by the guard, who turns him over to a Sergeant-of-the-Guard. He then eludes the MP Sergeant taking him to his superior. Desperate to warn someone of the impending sabotage, Kane runs into the Yard, then stumbles onto Fry, at the controls inside a fake newsreel truck. They struggle', 'TITLE: The Raven\nGENRES: Silent film, Biography, Indie, Black-and-white, Drama, Biographical film\nYEAR: 1915\n\nPLOT FRAGMENT (2/3):\naffection. Later, Virginia says she will choose the man who guesses which hand holds a wreath behind her back. Poe allows Tony to go first and, though he guesses correctly, Virginia secretly switches the wreath to the other hand so that Poe can win. Shortly after, in front of Tony and Virginia, Allan questions Poe\'s spending habits. Allan causes quite a scene, despite his wife\'s attempts to calm him. Poe is asked to leave the Allan family but Virginia offers to come along. Poe\'s recently-purchased slave comes along as well. Poe has an alcohol-induced hallucination that recreates his poem  ""The Raven"". As Poe sits alone, he hears a tapping at the chamber door. The door knocker moves on its own and Poe thinks he sees the outline of a large, black bird. As Poe stumbles outside, the word ""wine"" appearing on a rock he braces himself against, he sees a ghost. As he reaches for another sip of wine, a human skull appears in place of the glass. Finally, a raven makes its way into the room, repeating the word ""Nevermore"" as Poe attempts to talk to it. Poe, in Fordham, New York, is in ""dire poverty"" along with Virginia and her mother Maria. Virginia has a terrible coughing fit, a sign of her', 'TITLE: The Ninth Configuration\nGENRES: Horror, Indie, Supernatural, Gothic Film, Psychological thriller, Drama, Comedy, Black comedy, Political drama\nYEAR: 1980\n\nPLOT FRAGMENT (3/6):\nKane to take him to a church service, and while there he interrupts the service with several outbursts. Looking at an altar boy, Kane momentarily sees a Vietnamese boy. After returning to the castle, Cutshaw thanks Kane and asks him to send him a sign as proof of an afterlife should Kane die first. Kane promises to try. A new patient is scheduled to arrive at the castle and Kane goes to meet him. Kane instantly recognizes the soldier, who calls him ""Killer Kane."" Kane then flashes back to Vietnam as the soldier stumbles upon Kane, who is kneeling on the ground and muttering that he cut a boy\'s head off with a wire, but the boy ""kept on talking"". Insisting that they need to leave, the soldier advances on Kane, whom he sees is holding a severed head in his hands. Kane screams and the flashback ends. Kane collapses, unconscious. Finding out what happened, Fell then explains to the staff that Kane really is Vincent ""Killer"" Kane, and had suffered a breakdown in Vietnam. When Fell, who is actually Kane\'s brother Hudson, was dispatched back to America, Kane received the dispatch by accident. Kane convinced himself that he wasn\'t ""Killer"" Kane, and was instead a healer - like his']"
36,70,36_underworld_vampires_horror_vampire,"['underworld', 'vampires', 'horror', 'vampire', 'werewolf', 'werewolves', 'gothic', 'mafia', 'vito', 'costume']","[""TITLE: Underworld: Evolution\nGENRES: Thriller, Action Thrillers, Horror, Gothic Film, Action/Adventure, Fantasy, Action\nYEAR: 2006\n\nPLOT FRAGMENT (3/5):\nbecame the first Lycan-Vampire Hybrid. The first werewolves created by William were entirely animal and unable to take human form again. Due to William's destructiveness, Markus approached Viktor, a warlord dying of old age, and offered to turn him and his army into immortal vampires in exchange for tracking down and stopping William, and in destroying those he had infected. Markus intended to capture his brother and tame him, but Viktor ordered that William be locked away forever, far away from Markus. Viktor did not kill the brothers because he believed that doing so would result in the immediate extinction of all other vampires and his Lycan slaves . Tanis also reveals that Selene's father was the architect who built William's prison and that the pendant is a key. After Lucian's escape, Viktor killed Selene's family as they knew of the prison's location, but turned Selene into a vampire. Tanis then refers Selene and Michael to Lorenz Macaro for help. Shortly after they leave, Markus arrives and questions Tanis, who lies desperately and tries to evade telling Markus he told Selene the family secrets. Tired of hearing Tanis' lies, Markus learns the truth by drinking his blood,"", ""TITLE: Underworld: Rise of the Lycans\nGENRES: Thriller, Horror, Gothic Film, Action/Adventure, Period piece, Fantasy, Action, Costume Horror\nYEAR: 2009\n\nPLOT FRAGMENT (4/18):\ncome to harm, and is grooming Sonja to become an elder; but she is endangering her position on the council by being a renegade and disobeying Viktor and missing council meetings. Outside, Lucian is burning the corpse of the dead wolf which he killed when it was chasing Sonja through the castle gates. As the corpse burns, it changes back into human form. The other lycans are being whipped, beaten, and forced to work for the vampires. One vampire guard gets a little too enthusiastic with the whip and Lucian tells him to stop. The vampire takes this badly, calls Lucian a dog, and leaves angrily as Lucian is Viktor's favourite servant and holds some power in the work yard. The other lycans seem to respect him. In the council chambers, Viktor is speaking with the other Coloman and Orsova regarding how to handle the situation with the wolves. Viktor doesn't think of it as such a big deal but Coloman note that the wolves are killing humans, which is destroying their main food source. Although they don't seem to be killing off too many humans, the fact that the vampires of this region are losing their crop, makes them look weak to the human nobles, who give the vampires people  and"", 'TITLE: Underworld: Rise of the Lycans\nGENRES: Thriller, Horror, Gothic Film, Action/Adventure, Period piece, Fantasy, Action, Costume Horror\nYEAR: 2009\n\nPLOT FRAGMENT (7/18):\nto immortality. When Sonja and Lucian part, they are spotted by Tannis, one of Viktors lieutenants, sent to watch over Sonja. He realizes that Sonja and Lucian are having an affair, but does not tell Viktor. The human nobles arrive and Sonja goes out to escort them in. Lucian is worried and does not want her to go. Tannis has orders from Viktor for Sonja to not leave the castle walls, but she just ignores him. As Sonja leaves, Tannis sees Lucian, and subtly lets Lucian know that he knows their secret. Sonja and more vampire guards arrive to escort the human nobles and their slaves, and they hear howling in the distance. Lucian hears the howling and knows that there are more wolves than Sonja and her men can handle. Lucian tries to warn the others, but no one listens to him, so he runs out to save Sonja, disobeying orders and knocking out some guards along the way. Cut back to Sonja, wolves are pouring in from every direction. The vampires are holding them off, but there are too many. One of the human slaves appears to fight wolf and actually survives its Raze  from the first film, but as a human. Sonja is injured, but Lucian arrives in time and defends her. Lucian uses his key to']"
37,66,37_zorro_zhen_superhero_zola,"['zorro', 'zhen', 'superhero', 'zola', 'legend', 'costume', 'cesar', 'films', 'diego', 'garcia']","['TITLE: The Mask of Zorro\nGENRES: Swashbuckler films, Adventure, Superhero movie, Costume drama, Costume Adventure, Action/Adventure, Western, Romance Film, Action\nYEAR: 1998\n\nPLOT FRAGMENT (2/4):\nand even had a small hand in the hero\'s last great exploit. After a brief period of deliberation, de la Vega decides to take Alejandro as his protégé. Inspired by the wish for revenge upon Captain Harrison Love , his brother\'s killer and Montero\'s right hand man, he endures the tough training regimen brilliantly. After Alejandro steals a black stallion resembling Toronado, Zorro\'s long deceased horse, and leaves Zorro\'s mark at the scene, de la Vega scolds him claiming that Zorro was a servant of the people, not a thief or adventurer. He challenges Alejandro to gain Montero\'s trust and pose as Don Alejandro del Castillo y García, a visiting nobleman, with de la Vega posing as his servant, Bernardo. Both attend a party at Montero\'s hacienda, where he gains Elena\'s admiration and titillation and enough of Montero\'s trust to be invited to a secret meeting. There, Montero hints at a plan to retake California for the Dons by buying it from General Santa Anna, who needs money to fund his upcoming war with the United States. Alejandro and the Dons are taken to a secret gold mine known as ""El Dorado"", where peasants and criminals are used for slave labor. The plan is to buy California', 'TITLE: Zorro\nGENRES: Swashbuckler films, Western, Action, Comedy, Adventure\nYEAR: 1975\n\nPLOT FRAGMENT (7/9):\nSoldiers are surrounding the area. Joaquin shows up as Zorro, and almost all the soldiers follow him. Eluding the soldiers, Joaquin rides to Brother Francisco\'s mission. Brother Francisco informs the children of Zorro\'s plan, and sends them out to different areas dressed as Zorro as distractions to the soldiers. Diego pretends to go to the carriage for a nap, but reappears as the real Zorro, telling Garcia he has the governor at gunpoint, and will ""wring his neck and have him stuffed and fed to the dog"" if Garcia doesn\'t do what he tells him. Garcia, with Zorro, arrives at a mine run by forced slave labor. He orders the guards to release them all, or else Zorro will kill the Governor. With Brother Francisco\'s help, the slaves are freed, and Zorro tells Garcia to leave. Hortensia arrives and tells Zorro that Huerta and the soldiers are coming. When Zorro leaves with the carriage, Hortensia holds onto the back to ride with him. Huerta and his men give chase. Zorro stops the carriage long enough to order Hortensia to leave, saying that the people need her. He kisses her, Hortensia leaves, and then Zorro drives the carriage off a cliff into the ocean. Hortensia looks over in', 'TITLE: Zorro\nGENRES: Swashbuckler films, Western, Action, Comedy, Adventure\nYEAR: 1975\n\nPLOT FRAGMENT (6/9):\nscheme, first with a scroll note from the dog, then a ransacked dining room marked with Z\'s, to make it appear that Zorro is plotting to kill the Governor. After ""de la Serna"" takes to his bed in fear, Huerta informs Diego that he has the perfect plan to capture Zorro. He says his men will capture Hortensia, lock her in a cage and cart her around the plaza until Zorro comes to rescue her. Soldiers will be everywhere, so Zorro cannot escape. Zorro outwits them by going straight to Hortensia\'s cell at the prison and waiting for her to arrive. He rescues Hortensia, and stays behind to distract the guards. Zorro escapes, and overhears Huerta and Garcia. Huerta says that only one other person knew of the plan. He rides off to the governor\'s mansion, and Zorro manages to get back just before Huerta arrives. Huerta and Diego argue a bit about Zorro, and it is clear that Huerta is suspicious. Diego then offers himself to be bait for Zorro. The next day, Diego and Garcia go on a fishing trip. Soldiers are surrounding the area. Joaquin shows up as Zorro, and almost all the soldiers follow him. Eluding the soldiers, Joaquin rides to Brother Francisco\'s mission. Brother Francisco informs the']"
38,66,38_episode_wizards_nathan_raven,"['episode', 'wizards', 'nathan', 'raven', 'hannah', 'chloe', 'tyler', 'cody', 'carolyn', 'sparkle']","['TITLE: My Super Psycho Sweet 16: Part 2\nGENRES: Slasher\nYEAR: 2010\n\nPLOT FRAGMENT (3/7):\nstrangles him in the trunk of his Acadia. Meanwhile, back in Skye\'s hometown, her friend Derek meets a girl named Courtney at school and they begin to date. The two are about to make out when Brigg enters the room to tell Derek that Skye finally messaged him back. Courtney shows disdain towards Skye, calling her ""Psycho-Rotter"". Derek and Brigg find out that Skye is now hiding out in a nearby neighborhood, and they agree to go find her in the morning, with Courtney tagging along. Skye and Alex begin to bond on a deeper level, and Alex opens up to her sister about her depression. Skye also bonds with her mother, who asks her not to tell Alex that the former\'s father is a murderer. On her 16th birthday, Skye receives a necklace from her mother. Skye has a nightmare of Madison angry at her for letting her die. Madison slits her own throat and sprays blood all over Skye. In a panic Skye awakens to find that she\'s on the floor just like in her nightmare, implying that she sleepwalks. That morning, Alex steals the keys from her house to sneak into the Bone Yard and she runs into Rotter, though she is unaware of his identity. Because of her depression, Alex has an assortment of drugs in', 'TITLE: My Super Psycho Sweet 16\nGENRES: Horror, Slasher\nYEAR: 2009\n\nPLOT FRAGMENT (8/9):\nelse, but Rotter decapitates her, and her lifeless body skates and knocks over Madison\'s birthday cake. Frightened, everyone leaves, except Madison and Skye. Madison accuses Skye of ruining her party as they\'re being chased by Rotter. While running they find the party planner gutted. Brigg runs back in for Skye, and they run up to the mezzanine, trapped. Derek flashes the spotlight in Rotter\'s face, temporarily distracting him while Skye and Madison escape. As the girls reach the dance floor below, Brigg is thrown from the mezzanine above. As Skye, Derek, and Madison are running out, Rotter grabs Madison and slams her head into a party table, knocking her out. Rotter catches up to Skye and Derek at the door and strangles Derek. Skye begs her father to spare him, and Rotter does so by throwing him out the door, locking the two inside. Madison wakes up, in the basement with Skye, their hands both tied to a table. Skye tells Madison that she is a ""bully"". Rotter unties Skye and tells her to kill Madison. Instead, Skye stabs Rotter in his leg, and tries to untie Madison. Madison insults her while they\'re trying to get out. Once untied, Madison selfishly knocks over Skye in order to', 'TITLE: My Super Psycho Sweet 16: Part 3\nGENRES: Horror\nYEAR: 2012\n\nPLOT FRAGMENT (2/9):\nis okay. Skye goes inside to find Alex. After they greet Alex reveals that today is actually her ""Sweet 16"". Stunned and confused at Alex\'s actions, Skye almost leaves the party but decides to stay for a while longer when Alex becomes worried when she hears Nathan came along with them and unknowingly reveals her location to him. She then meets Ami, Alex\'s friend who tells Skye to lose the drama. Alex tells Skye in private that she wanted her over because it is a special day for her, and Skye is the only one who could ever understand what it is like to live with the stigma from being Charlie Rotter\'s daughter. Brynn, a spoiled girl and Nico\'s girlfriend walks in on the two and is annoyed. As day turns into night, Alex tells Skye of how she met Nathan at Zoe\'s funeral. He later became obsessed with her, and is willing to do anything for her love and admiration. Nico, Leo, Ami and Brynn tell their perspective of Nathan as ""South Basin trash"". Sienna comes in to tell Skye that Nathan must have ditched the place. After trying talking to Skye, she is forced to wait outside on the top of her car so that Alex can get more bonding time with Skye before they leave. Brynn is outside in the']"
39,65,39_bears_bear_teddy_toyland,"['bears', 'bear', 'teddy', 'toyland', 'fairy', 'wonderland', 'rabbit', 'spider', 'cubs', 'jabberwocky']","['TITLE: The Care Bears\' Big Wish Movie\nGENRES: Computer Animation, Musical, Fantasy, Animation\nYEAR: 2005\n\nPLOT FRAGMENT (1/3):\nAtop the roof of an observatory at their cloud-filled home of Care-a-lot, the Care Bears hear Wish Bear\'s story of how she  found her new friend, a wishing star named Twinkers. The Care Bears are touched by this tale, but are a bit worried when she uses Twinkers\' inherent power to wish them all some popcorn. Another bear, Cheer Bear, raises concern about the frivolous use of this power. Wish Bear, however, assures everyone that she is a trained professional. The next day, Wish Bear uses the wishing power to help her friends. She wishes for plenty of rainbow sap for Share Bear, and for Grumpy Bear\'s rocket to have ""zoom"", but the wishes backfire when the sap overflows and the rocket spins out of control. A monthly meeting of Care-a-lot\'s steering committee  reveals a problem with the Caring Meter. The machine, which measures how much caring there is in Care-a-lot, has moved towards the raincloud side. Wish Bear suggests using her wishes, but is rejected since not all of them work as intended . Disappointed, she decides to wish for other bears who like wishing as much as she does. This causes three new bears to arrive in Care-a-lot: Me Bear, Messy Bear, and Too Loud Bear. Everyone is', 'TITLE: The Care Bears Movie\nGENRES: Indie, Children\'s/Family, Animation, Fantasy, Children\'s Fantasy, Family Film\nYEAR: 1985\n\nPLOT FRAGMENT (2/4):\nsend any Bear to Earth and back. The two youngest bears, Baby Hugs and Baby Tugs, interfere with the machine and bring forth a group of unexpected visitors—Friend Bear, Secret Bear, Kim, and Jason. The Bears introduce themselves to the children, and give them a tour of their home. Tenderheart returns before a ""Cloud Quake"", caused by the spirit, ruins Care-a-lot; he informs the others of Nicholas\' troubles on Earth. Using the Rescue Beam, he sends Kim and Jason to the park, along with Friend Bear and Secret Bear; the four of them end up in the Forest of Feelings when the portal malfunctions. From a nearby river, the rest of the Care Bears begin searching for the group aboard a cloud ship. Within the Forest, the children and their friends are introduced to Brave Heart Lion and Playful Heart Monkey, two of the Care Bear Cousins. Later on, the other Bears discover more of these creatures, among them Cozy Heart Penguin, Lotsa Heart Elephant, Swift Heart Rabbit, and Bright Heart Raccoon. During their stay, the spirit attacks them in several guises—as a spearfish, a tree, and an eagle. After the Care Bears and their Cousins defeat the spirit, the friends venture back to Earth to save', 'TITLE: Care Bears Movie II: A New Generation\nGENRES: Children\'s/Family, Family Film, Children\'s, Children\'s Fantasy, Animation\nYEAR: 1986\n\nPLOT FRAGMENT (3/5):\nthe Care Bear Family. Later, while the Bears prepare a party for the Kingdom\'s founders, Dark Heart enters Care-a-Lot in disguise so that he can capture the whole Family. A cluster of Star Buddies, assistants to the Bears and Great Wishing Star, drives him off; he then morphs into a raging red cloud. The Bears shoot light at him from their bellies, forming their ""Care Bear Stare""; the Cousins also help by using their Call. Afterward, Noble Heart and True Heart decide to search for him, and leave the Bears to handle missions by themselves. During their patrol, Wish Bear spots Christy stranded in a canoe within a lake; the other Bears and Cousins set out to rescue her. Dark Heart fires lightning bolts before the team, and captures many of them with his magic bag&mdash; the favor he wanted Christy to do all along. The few Family members at hand determine that she has teamed up with him. This prompts Tenderheart Bear to hold a conference at the Hall of Hearts; Friend Bear, Secret Bear and Christy\'s friends later join them. Dark Heart\'s influence causes the other children to wreck the camp that night. The Bears and Cousins search for the Family members, before Dark Heart imprisons them']"
40,61,40_mummy_mummies_horror_mummified,"['mummy', 'mummies', 'horror', 'mummified', 'monster', 'pharaoh', 'ancient', 'tomb', 'creature', 'sorceress']","[""TITLE: The Mummy's Hand\nGENRES: Monster movie, B-movie, Archaeology, Creature Film, Black-and-white, Horror\nYEAR: 1940\n\nPLOT FRAGMENT (1/4):\nThe film begins with the Egyptian Andoheb  traveling to the Hill of the Seven Jackals in answer to the royal summons of the High Priest of Karnak . The dying priest of the sect explains the story of Kharis  to his follower. The tale closely parallels that of the original film, except that Kharis steals the sacred tana leaves in the hope of restoring life to the dead Princess Ananka. His penalty upon being discovered is to be buried alive, without a tongue, and the tana leaves are buried with him. The leaves are the secret to Kharis' continued existence. During the cycle of the full moon, the fluid from the brew of three tana leaves is to be administered to the creature to keep him alive. Should despoilers enter the tomb of the Princess, a fluid of nine leaves will restore movement to the monster. Meanwhile, down on his luck archaeologist Steve Banning  and his sidekick, Babe Jenson , discover the remnants of a broken vase in a Cairo bazaar. Banning is convinced it is an authentic ancient Egyptian relic, and his interpretation of the hieroglyphics on the piece lead him to believe it contains clues to the location of the Princess Ananka's tomb. With the support of the eminent Dr."", ""TITLE: The Mummy\nGENRES: Monster movie, Archaeology, Horror, Pre-Code, Black-and-white\nYEAR: 1932\n\nPLOT FRAGMENT (1/2):\nAn Ancient Egyptian priest called Imhotep  is revived when an archaeological expedition led by Sir Joseph Whemple  finds Imhotep's mummy. Despite the warning of his friend Dr. Muller , Sir Joseph's assistant Ralph Norton , recklessly reads aloud an ancient life-giving spell. Imhotep escapes from the archaeologists, taking the Scroll of Thoth, and prowls Cairo seeking the reincarnation of the soul of his ancient lover, Princess Ankh-es-en-amon. Ten years later, Imhotep calls upon Sir Joseph's son Frank  and Prof. Pearson , claims that his name is Ardath Bey, a modern Egyptian , and shows them where to dig to find Ankh-es-en-amon's tomb. The archaeologists find the tomb and give the mummy and the treasures to the Cairo Museum. The archaeologists thank Imhotep for giving them the information of where to find the tomb. Imhotep was once mummified alive for attempting to resurrect her, and, upon finding Helen Grosvenor , a woman bearing a striking resemblance to the Princess, he attempts to kill her, with the intention of mummifying her corpse, bringing it back to life using the ancient scroll, and making her his bride. In the end, she is saved when she remembers her past life and prays"", ""TITLE: The Mummy - Tomb of the Dragon Emperor\nGENRES: Thriller, Horror, Adventure, Archaeology, Action/Adventure, Fantasy, Action, Chinese Movies\nYEAR: 2008\n\nPLOT FRAGMENT (5/6):\nthe Emperor to the Great Wall where Zi Yuan sacrifices her and Lin's immortality to revive the workers killed and buried beneath The Great Wall, creating an undead army of her own, led by a vengeful, revived General Ming. The Army of the Dead, with aid from the group's modern weapons and air support, fights the Terracotta Army while Zi Yuan battles the Emperor; she is mortally wounded but succeeds in securing the dagger. Alex rescues the captive Lin, who was bound and gagged in a tent under armed guard. The gang finally catches up, and Lin grieves after they find Zi Yuan dying soon after. Then, Emperor Han transforms into a horned Ogre and goes beneath the Great Wall in order to use his elemental powers to negate Zi Yuan's spell and draw Ming's army back underneath it. However, he is stopped by Alex. Yang and Choi are pushed into moving gears by Evelyn and Lin when they attempt to interfere, crushing and killing them both. Rick and Alex tackle the Emperor with the dagger, but they are overpowered by the Emperor's transformation into an ogre with Alex being knocked unconscious and Rick onto a lit torch and the dagger is broken. After Rick questions the Emperor as to where his honor""]"
41,57,41_cartoon_betty_fanny_boop,"['cartoon', 'betty', 'fanny', 'boop', 'vaudeville', 'animation', 'dance', '1937', 'song', '1932']","['TITLE: Boop-Oop-a-Doop\nGENRES: Short Film\nYEAR: 1932\n\nPLOT FRAGMENT (1/1):\nThe short film begins with a giant Betty Boop flag which flies over the big top. Betty works as a lion tamer and a tightrope walker. Another of the other circus attractions is Koko the Clown. While performing on the highwire the villainous ringmaster lusts for Betty as he watches her from below, singing ""Do Something,"" a song previously performed by Helen Kane. As Betty returns to her tent, the ringmaster follows her inside and sensually massages her legs, surrounds her and threatens her job if she does not submit. Betty begs the ringmaster to cease his advances, as she sings ""Don\'t Take My Boop-Oop-A-Doop Away"". Koko the Clown is outside, practicing his juggling, and hears the struggle. He leaps in to save Betty\'s virtue, struggling with the ringmaster who loads him into a cannon, firing it, thinking that he has sent the hero away, laughing with self-satisfaction. But Koko is hiding inside the cannon, and strikes the ringmaster out cold with a mallet, returning with ""the last laugh"". When Koko expresses concern about Betty\'s welfare, she answers in song, ""No, he couldn\'t take my boop-oop-a-doop away!"" The film ends with Koko sweetly kissing Betty on the cheek.', 'TITLE: The Romance of Betty Boop\nGENRES: Short Film\nYEAR: 1985\n\nPLOT FRAGMENT (1/2):\n{{rewrite section}} The story is set in New York City, in 1939, during the Great Depression. The opening credits start off with Betty singing ""Just Give \'Em Your Boop Oop a Doop"". Betty Boop is a girl who is adored by her neighborhood and by Freddie the iceman. Betty sells shoes by day, and performs in her Uncle Mischa Bubble\'s club by night. While working at Club Bubbles Betty sings ""I Wanna Be Loved By You"" to get Waldo Van Lavish\'s attention, a handsome millionaire who Betty dreams about. Uncle Mischa is threatened at the stage door by Johnny Throat and his two henchmen because he can not pay his debts. Mr. Throat sees Betty perform on the stage. Mr. Throat becomes the new owner of the club and wants Betty. Betty soon goes out with Waldo for a day, then he says he wants Betty to meet her parents. But then, while Betty visits Uncle Mischa to tell about her meeting Waldo\'s parents, she gets kidnapped by Mr. Throat\'s henchmen to bring her to his apartment. But she escapes and the henchmen want to kill her. Uncle Mischa, back at the club calls Freddie the iceman to rescue Betty. But Betty beats up the henchmen and then next day, she meets Waldo\'s parents, but then discovers that', ""TITLE: Betty Boop's Bamboo Isle\nGENRES: Short Film, Comedy, Animation\nYEAR: 1932\n\nPLOT FRAGMENT (1/2):\nAfter a short live action performance by the Royal Samoans, Bimbo appears on screen playing a ukelele while riding in a motorboat. The motorboat goes faster and faster, until it crashes into a tropical island. Bimbo flies into the air and lands in another boat, this one containing a topless (except for a strategically placed [[Lei  and dark-skinned Betty Boop. Bimbo and Betty, after nearly falling down a waterfall, are flung from the boat into a clearing surrounded by hostile trees, who torment the two. A group of savages appears, but Bimbo disguises himself by painting his face and sticking a bone in his hair. Bimbo is treated as an honored guest, and to a performance of Betty dancing the hula. A sudden rainstorm washes off Bimbo's disguise, and he and Betty make a hasty escape from the angry savages. After another rapid boat ride, Bimbo and Betty ride up the Mississippi River, where they attempt to kiss in private behind an umbrella . The hula performance by Betty Boop was a visual high point of this episode. Betty's hula dance appears to be closely modeled on the hula dancer that appeared in the opening live action sequence . This is one of the more apparent examples of the""]"
42,56,42_heaven_hell_satan_heavenly,"['heaven', 'hell', 'satan', 'heavenly', 'fable', 'diane', 'john', 'chico', 'god', 'bible']","['TITLE: Heaven Help Us\nGENRES: Indie, Comedy-drama, Teen, Drama, Comedy, Coming of age, Romance Film, Religious Film\nYEAR: 1985\n\nPLOT FRAGMENT (6/11):\non Coney Island in a rainstorm. One day, during one of the Brothers\' routine ""raids"", Danni takes a stand and locks them out. When they look into the windows and try to take names, she closes the blinds. The Brothers leave, but later at dinner, they discuss the episode at the soda fountain. At the urging of Brother Constance and gym teacher Brother Paul, and at the reluctance of Brothers Thaddeus and Timothy, they notify social services. A few days later, Dunn and his friends walk up to the fountain and find police cars and a few of the school\'s Brothers surrounding the door as Danni\'s father is led out of the front door in handcuffs. Fearing the worst, Dunn rushes in and finds that social workers are getting ready to take Danni away. A shaken Dunn takes Danni in his arms. Weeping, she wants him to promise he won\'t be sad over her departure. He watches helplessly as she\'s taken away in a car. Rooney, angry at the loss of his hangout and at the Brothers for ruining his friend\'s life, develops another prank with the help of Caesar, Williams and Corbett. The night before Easter recess, the boys sneak onto the grounds and decapitate the statue of St. Basil. During an assembly the next', 'TITLE: Heaven Help Us\nGENRES: Indie, Comedy-drama, Teen, Drama, Comedy, Coming of age, Romance Film, Religious Film\nYEAR: 1985\n\nPLOT FRAGMENT (7/11):\nanother prank with the help of Caesar, Williams and Corbett. The night before Easter recess, the boys sneak onto the grounds and decapitate the statue of St. Basil. During an assembly the next day, Rooney presents Dunn with a duffel bag containing the missing saint\'s head, right as Brother Thadeus is addressing the student body with the phrase ""of what is ahead for you..."". Brother Constance shows up, knowing he\'s found the vandals, and quietly orders them out of the assembly. Constance first locks them in a closet, where they discuss possible options. Moments later, they\'re retrieved by Brother William, who brings the quintet into the gym, where Constance has set up an exercise horse and a wide leather strap. He tells the boys that the guilty can confess now or all will suffer for it. Dunn, though innocent, speaks up. As Constance attempts to lead Dunn up to the horse, Rooney clears Dunn\'s name...but fingers Williams...who fingers Corbett...who fingers Caesar. Not willing to listen any further, Constance calls Corbett to the horse and delivers five blows from the strap to Corbett\'s rear. He repeats the same procedure with Williams, delivering six this time. When he comes to', ""TITLE: Heaven Help Us\nGENRES: Indie, Comedy-drama, Teen, Drama, Comedy, Coming of age, Romance Film, Religious Film\nYEAR: 1985\n\nPLOT FRAGMENT (3/11):\nat him. Dunn lunges towards Rooney, taking him to the floor and the pair are separated by Constance and the novice friar, Brother Timothy ([[John Heard , who has been observing Constance's classroom teaching and discipline methods that day. Both are sent to headmaster Brother Thadeus'  office. During a moment alone, Rooney, impressed by Dunn's refusal to snitch on him, attempts to patch things up between them, but Dunn wants nothing to do with him. Rooney tries again after class, but this time tells him that if they don't become friends, then he has to continue in his harassment in order to save face. Reluctantly, Dunn befriends Rooney, along with his friends Williams , a sexually frustrated kid who is frequently caught masturbating, and Corbett , the dull one of the bunch. Dunn also befriends Danni , a rebellious teenage high school drop-out tomboy who runs the soda fountain across from the school and takes care of her mentally infirm father . Looking for mischief by St. Basil's students, Danni's fountain shop is raided numerous times by the Brothers. After the raids, the fountain shop is always left a shambles. This last time, however, Dunn, who escapes detection, helps Danni""]"
43,54,43_snowman_mickey_snowball_cartoon,"['snowman', 'mickey', 'snowball', 'cartoon', 'dale', 'snow', 'pete', 'donald', 'rooney', 'sergeant']","['TITLE: Donald\'s Nephews\nGENRES: Short Film, Family Film, Comedy, Animation\nYEAR: 1938\n\nPLOT FRAGMENT (1/2):\nDonald receives a postcard from his sister, Dumbella, which says that her three ""angelic"" boys, Huey, Dewey, and Louie, are coming to visit him. At first Donald is excited to see his nephews, but soon the boys start causing problems, being a constant annoyance to their uncle. Donald consults a book entitled Modern Child Training, and tries to use the suggestions to gain control over his nephews, but things only get worse. In the end, after the boys leave and with his house left almost destroyed, Donald spots a page which reads ""After all, little children are only angels without wings"". This so enrages Donald that he rips the book to pieces and enters an explosive rage.  Throughout the cartoon, Huey, Dewey, and Louie play tricks on their Uncle Donald in order to annoy him. They cause extensive damage throughout his house, and have fun at Donald\'s expense. Some of their activities include: * Playing croquet on tricycles in Donald\'s living room, breaking vases, lamps, and windows * As Donald plays the piano to try to calm his nephews, the boys pick up instruments to play along with him, however Dewey uses his trombone to launch an apple at Donald, and Huey uses his cello to project', 'TITLE: Donald\'s Snow Fight\nGENRES: Short Film, Animation\nYEAR: 1942\n\nPLOT FRAGMENT (3/4):\nfortress. Donald starts a small barrage of snowballs, which results the nephews into becoming like bowling pins, waiting for Donald to strike them out. Donald then pulls out a bucket of water, dips a snow chunk in it, and creates an ice ammunition  He launches it and it splits his nephews\' flagpole in three spots, ""spanking"" all three of them. Donald asks soon after if they surrender, and they clearly refuse. They start creating snow chunks of their own, while also getting three other objects: a picnic basket, some rope, and some mouse traps. They place the mouse traps in rocket-shaped components and stick them in the picnic basket now with the string tied to it. Huey, Dewey, and Louie soon launch the basket and release the missiles, with Donald getting hit by several of them. With Huey commanding them with a wooden sword, Louie and Dewey started launching snowballs from a catapult. Donald gets his hat spun off his head and yells, ""That\'s unconstitutional!"" before getting more snowballs launched at him. As his barrier starts shrinking with each hit, Donald looks up, gets smacked in the face, and is launched him into a smaller part of the ship. Being the little cheaters that they', 'TITLE: Donald\'s Snow Fight\nGENRES: Short Film, Animation\nYEAR: 1942\n\nPLOT FRAGMENT (1/4):\nThe short begins with Donald wiping the fog off his glass door, excited to see the snow. Donald says that he is excited about snow. He opens his door and soon gets his bill frozen from the cold. He gets a fur overcoat and pulls a sled, while singing Jingle Bells. When Donald reaches the top of the hill, he notices his nephews, Huey, Duey, and Louie, at the bottom, building a snowman, while singing For He\'s a Jolly Good Fellow. Tempted, Donald crashes his sled into their snowman and thus his nephews, resulting each of them to ""wear"" a part of their snowman. While Donald is laughing himself silly, Huey, Duey, and Louie plot revenge. The next scene shows Donald\'s nephews piling snow and a duck-like head on a boulder. Donald is scraping snow off of his foot when he hears his nephews yelling, ""That\'s Uncle Donald! That\'s Uncle Donald! That\'s Uncle Donald!"", while standing by the degrading snowman of Donald. ""Oh, yeah?!"" Donald replies, and he shortly crashes himself into the snowman-disguised boulder. The shockwaves from the crash shake off all of the furs on his overcoat, save for one, that Donald touches with his finger to stop its shaking and pulls out. Now Donald\'s nephews are']"
44,49,44_sharpshooters_sharpe_spears_historical,"['sharpshooters', 'sharpe', 'spears', 'historical', 'battle', 'peril', 'skirmish', 'siege', 'piece', 'imperial']","[""TITLE: Sharpe's Battle\nGENRES: Period piece, Costume Adventure, Historical fiction, Adventure\nYEAR: 1995\n\nPLOT FRAGMENT (1/3):\nWhile on patrol, Sharpe  and his men rout some French soldiers who have raped and murdered the inhabitants of a Spanish village. Two are captured alive. Their commander, Brigadier General Loup , attempts to bargain with Sharpe for the lives of his men, but Sharpe has them shot in front of him. Loup vows revenge as he departs. Meanwhile, Wellington ([[Hugh Fraser  receives unwanted reinforcements from the King of Spain. His Most Catholic Majesty sends his personal bodyguard, the Real Compania Irlandesa , composed of poorly-trained men of Irish descent under the command of the inexperienced Lord Kiely . Wellington doesn't trust them, not least because of reports in American newspapers that the British are committing atrocities against the Irish people. So he orders the unreliable men to garrison a fort near the French lines, where it will be easy for them to desert if they want to. He assigns Sharpe to train them and puts him under the command of former Wagonmaster-General Colonel Runciman . Kiely's wife, Lady Kiely , and his mistress, guerrilla leader Doña Juanita , both show up in camp. In the meantime, Sharpe has enough time to train the men and strengthen the fort's defences, so"", 'TITLE: Sharpe\'s Waterloo\nGENRES: Period piece, Costume Adventure, Historical fiction, Adventure\nYEAR: 1997\n\nPLOT FRAGMENT (1/3):\nIn 1815, war breaks out once more as Napoleon returns to France from exile on Elba. Richard Sharpe  cannot resist the chance to finally see his enemy and breaks his promise to his French lover Lucille  to fight no more. However, unlike his adulterous wife Jane , she forgives him and accompanies him to the battlefield. Sharpe then scouts far south of Quatre Bras. He spots French troops and sends a Dutch cavalryman on patrol to alert the Allied command. However, the cavalryman and his patrol are attacked and killed by French cuirassiers . Sharpe then returns to the Prince of Orange\'s camp. There, he is reunited with his former sergeant major and best friend, Patrick Harper , and two of his long-time ""chosen men"", Hagman  and Harris . Sharpe finds employment as a lieutenant colonel on the staff of Prince William of Orange  and makes the acquaintance of his aide de camp Colonel Rebecque . Sharpe scouts the French forces, while a contingent of Dutch musketeers holds a French column off. He then alerts Lord Wellington ([[Hugh Fraser  at a ball in Brussels that Napoleon is on the move. As Sharpe is leaving, he runs into his wife and her lover, Lord Rossendale ; he chases Rossendale and', 'TITLE: Sharpe\'s Siege\nGENRES: Period piece, Costume Adventure, Historical fiction, Adventure\nYEAR: 1996\n\nPLOT FRAGMENT (3/5):\nthe temptation to save it for his wife, Sharpe allows it to be given to the ailing woman. Rifleman Robinson  is found with a local French girl. Sharpe is required to hang him by Wellington\'s standing orders, but when the girl says she had been willing, Sharpe reduces the sentence to a beating from Sergeant Harper . Meanwhile they question the locals and find them fiercely loyal to Napoleon and conclude that the Comte\'s rebellion is a sham. Hearing the explosion from the castle\'s magazine, Sharpe and his men hurry back. When he gets a description of the mayor, he realises he has been trapped by Major Ducos. Not only will Wellington be tricked into advancing into an ambush, but Ducos will have his own personal revenge on Sharpe. French General Calvet  arrives with a sizable, but inexperienced, force. Under a flag of truce, the Comte reveals himself to be Napoleon\'s agent, and offers to let the British go free provided they leave Sharpe behind; Robinson replies for them all, ""Fight them to the finish, sir."" Sharpe turns them down. In a shooting contest, sharpshooters mortally wound the Comte in the back at long range as he returns from the parley. Sharpe and his men only have 18']"
45,46,45_massacre_horror_chainsaw_texas,"['massacre', 'horror', 'chainsaw', 'texas', 'rothman', 'slaughterhouse', 'sledgehammer', 'mcneil', 'kemper', 'woods']","[""TITLE: The Texas Chainsaw Massacre: The Beginning\nGENRES: Cult, Horror, Slasher, Teen, Road-Horror\nYEAR: 2006\n\nPLOT FRAGMENT (5/8):\nescapes, taking Monty's truck and driving down the road, but Leatherface hooks her in the chest with a meat hook and drags her from the truck and back into the house. Eric is thrown on the kitchen table. Leatherface then carries Eric into the basement where he sees Alex's body hanging from the ceiling, parts of her limbs missing. Leatherface punches him, incapacitating Eric, and nails metal straps to a wooden table across his wrists and ankles. Leatherface then picks up a knife and cuts open Eric's shirt. While Eric begs for his life, Leatherface inspects the shape and form of Eric's face. Holden and Chrissie arrive at the house to search for Alex, and Holden ends up shooting Uncle Monty in one of his kneecaps, before taking Hoyt hostage. Hoyt leads him to a bedroom and calls for Leatherface to help him. Eric now has a strap across his neck as well, and Leatherface starts to cut the skin and flesh from his forearm. Chrissie hears Eric screaming and finds the door to the basement, Leatherface opens the door and walks past Chrissie carrying his chainsaw, without noticing her. Hoyt shows Holden to Bailey, who is tied to a bed with covers around her and incorrectly thinking this must"", ""TITLE: The Texas Chainsaw Massacre: The Beginning\nGENRES: Cult, Horror, Slasher, Teen, Road-Horror\nYEAR: 2006\n\nPLOT FRAGMENT (6/8):\nopens the door and walks past Chrissie carrying his chainsaw, without noticing her. Hoyt shows Holden to Bailey, who is tied to a bed with covers around her and incorrectly thinking this must be the girl he's looking for. Holden points his gun at Hoyt to kill him, Leatherface stops him and kills him with his chainsaw while Bailey is screaming which distracts Chrissie and Luda Mae. Chrissie finds Eric and tries to free him, but cannot release the metal straps nailed to the table. He says he cannot feel his arm and we see that Leatherface has removed all his nerves. Chrissie hides under the table when Leatherface comes downstairs with his chainsaw in hand. Leatherface inspects Eric's face again then starts up his chainsaw and plunging it into Eric, killing him and cutting right through the table. He then skins Eric's face, putting it on as a mask. Hoyt calls Leatherface upstairs. Hoyt tells Leatherface he likes his new face and to chainsaw off Uncle Monty's legs due to the bullet being unable to be removed. Later Chrissie finds and tries to free Bailey, whom Hoyt has tied up again on the second floor. As Chrissie attempts to untie her friend, Hoyt and Leatherface catch her and bring"", ""TITLE: The Texas Chainsaw Massacre: The Beginning\nGENRES: Cult, Horror, Slasher, Teen, Road-Horror\nYEAR: 2006\n\nPLOT FRAGMENT (3/8):\ngroup crashing and flipping their car when Eric turns around attempting to shoot at the biker. In the process, Chrissie gets thrown from the jeep and lands in the weeds, out of sight of the others. Charlie Hewitt/Sheriff Hoyt soon arrives on the scene; he immediately shoots Alex, finds the partially burnt draft card and demands to know which one of the guys is a draft dodger. To save Dean, Eric claims it's his. Hoyt makes them put Alex's body into his car, forces the rest of the group in as well , and calls for Uncle Monty to tow the wreckage. The truck comes and tows the car, in which Chrissie has hidden herself. Hoyt takes the group to the Hewitt house and calls for Leatherface. He then takes Eric and Dean to a barn and hangs them by their arms from the rafters; he later ties Bailey to the kitchen table inside the house. From afar, Chrissie sees her friends tied up and runs back to the highway to get help. She flags down Holden, one of the bikers from the diner, and tells him about Alex and her friends. Holden takes out a revolver and follows Chrissie back to the Hewitt house. At the Hewitts', Hoyt wraps Eric's face with cellophane, slowly suffocating him for trying to dodge the""]"
46,42,46_demonic_demons_inferno_lucifer,"['demonic', 'demons', 'inferno', 'lucifer', 'animated', 'hell', 'doomsday', 'dante', 'souls', 'angelic']","[""TITLE: Dante’s Inferno: An Animated Epic\nGENRES: Horror, Action, Fantasy, Animation\nYEAR: 2010\n\nPLOT FRAGMENT (4/11):\nknow rest. Following Beatrice's cries from the distance, Dante ends up in a room of succubi who transform into hideous demons. As they try to kill him, he finally realizes he did break his promise to Beatrice; during the Crusade a woman offers sex to save her husband from being beaten to death. Having been under the illusion he was 'absolved' of all sin, he accepted. Upon hearing this, Beatrice begins to lose her faith yet refuses to see it as the truth as Lucifer offers her his hand in marriage.   - Coming to a grotto of men and women who had lived their lives without knowing fulfillment, so they suffer lacking it in death. Many starving individuals are caught and devoured by Cerberus and Virgil tells Dante the only way to the next circle is from within him. Dante allows himself to be eaten and he ends up inside of the hound of hell. Encountering Ciacco, a man he knew in life and feeling pity for his suffering, Dante uses his faith to release the man from the torture he had to endure. This provokes Lucifer's anger as he reveals his plan to marry Beatrice and that Dante's father is also in hell. In order to escape Cerberus' belly, Dante attacks and destroys the beast's heart,"", ""TITLE: Dante’s Inferno: An Animated Epic\nGENRES: Horror, Action, Fantasy, Animation\nYEAR: 2010\n\nPLOT FRAGMENT (5/11):\nThis provokes Lucifer's anger as he reveals his plan to marry Beatrice and that Dante's father is also in hell. In order to escape Cerberus' belly, Dante attacks and destroys the beast's heart, causing the demon to spit him up and spew him out in a river of blood that flows down into the next circle.   - Dante and Virgil's next circle is the ring of hell to men and women who wasted their lives in pursuit of material possessions. The condemned souls are tortured by being sheared in money presses, boiled in melted gold and buried in heavy gold coins. Within the circle, Dante confronts his father, having been promised a thousand years free of torture and endless gold if he would murder his own son. The pair battle fiercely, but Dante gains the upperhand, kicking his father into a vat of boiling gold.   - The fifth circle of hell is Anger as Virgil and Dante surmise when they can sense the very rage in the air. They proceed to the River Styx in which violence is still running rampant amongst the spirits fighting in the shallow waters. They climb aboard Phlegyas, a demonic giant who traverses the river while men and women who know of Dante taunt him from below. Dante has Phlegyas"", ""TITLE: Dante’s Inferno: An Animated Epic\nGENRES: Horror, Action, Fantasy, Animation\nYEAR: 2010\n\nPLOT FRAGMENT (6/11):\namongst the spirits fighting in the shallow waters. They climb aboard Phlegyas, a demonic giant who traverses the river while men and women who know of Dante taunt him from below. Dante has Phlegyas charge the city when he sees Lucifer within, announcing his intent to marry Beatrice to the damned souls within. When he strikes Phlegyas down, Dante chases after the devil. It is revealed further, more mundane orders from the king during the Crusades began to test Dante's patience, making him prone to anger and doubts on the value of the lives to their prisoners.   - The sixth circle of hell is for the heretics, people who have gone against the teaching of their churches. As they travel through halls of men and women who forever burn in fire and are forever tortured by various implements, Dante comes across Farinata, another man Dante hated in life, who taunts Dante by revealing Lucifer's plan to wed Beatrice and how he would be trapped in hell forever. Dante angrily kills Farinata just before fleeing the sixth circle and before it collapses from the force of Christ's death which, Virgil explains, quakes the circle eternally.   - Virgil helps Dante face the minotaur, guardian of the""]"
47,42,47_robot_anime_robots_mermaid,"['robot', 'anime', 'robots', 'mermaid', 'mermaids', 'japanese', 'angel', 'dinosaur', 'sophia', 'enslave']","['TITLE: Doraemon: Nobita and the New Steel Troops: ~Angel Wings~\nGENRES: Japanese Movies\nYEAR: 2011\n\nPLOT FRAGMENT (2/7):\ngo to the ""World Inside the Mirror""  and build the robot. Finally, Nobita dubs the robot ""Zanda Claus"", since he feels that the bowling ball that\'s summoning the parts was a gift from Santa Claus at the North Pole. Using a brain-wave controller that Doraemon pulls out of his pocket, he and Nobita play around with the robot, making it do gymnastic moves over bridges and such. Not to keep things to himself, Nobita returns home and brings Shizuka back with him to play with the robot together, but Shizuka presses a button on the control panel that makes the robot fire a huge laser beam, resulting in the destruction of half of the city. Seeing this, they group realizes just how dangerous ""Zanda Claus"" really is, so they decide to return to the real world and forget about ever finding the robot. However, Nobita forgot about the bowling ball-like orb he brought back with him, which has been sending telepathic messages to a mysterious girl named Riruru. She is the owner of Zanda Claus, and is looking to reclaim it. Following the orb\'s messages, she seeks out Nobita, who accidentally lets slip that he knows about the robot. Lilulu proceeds to force him into showing her where it is, so', 'TITLE: Doraemon: Nobita and the New Steel Troops: ~Angel Wings~\nGENRES: Japanese Movies\nYEAR: 2011\n\nPLOT FRAGMENT (1/7):\n{{main}} {{copy edit}} The title character, Nobita, is upset because he cannot get a large RC toy to show off to a rich boy, Suneo. His fit makes Doraemon angry, and with the hot Japanese summer, he decides to ""cool off"" at the North Pole with the Anywhere Door, a mysterious portal. Nobita follows him there after he\'s gone for a long time, and discovers a strange bowling ball-like orb which starts blinking with a pulsating light, and summons what looks like a giant robot´s foot. After sledding down the hill on it and having it crash into his room through the Anywhere Door, the bowling ball follows him home through the door and another robot piece falls into his backyard. Doraemon, who returned covered in ice, thaws out and wakes up with a cold. When Nobita thanks him for summoning up the parts for a giant robot for him, Doraemon is astonished and admits that he knows nothing about them. However, using a combination of the Opposite World Entrance Oil and the Roll-Up Fishing Hole, they go to the ""World Inside the Mirror""  and build the robot. Finally, Nobita dubs the robot ""Zanda Claus"", since he feels that the bowling ball that\'s summoning the parts was a gift from Santa Claus at', 'TITLE: Doraemon: Nobita and the Steel Troops\nGENRES: Japanese Movies, Animation\nYEAR: 1986\n\nPLOT FRAGMENT (2/7):\nEntrance Oil and the Roll-Up Fishing Hole, they go to the ""World Inside the Mirror""  and build the robot. Finally, Nobita dubs the robot ""Zanda Cross"", since he feels that the bowling ball that\'s summoning the parts was a gift from Santa Claus at the North Pole. Using a brain-wave controller that Doraemon pulls out of his pocket, he and Nobita play around with the robot, making it do gymnastic moves over bridges and such. Not to keep things to himself, Nobita returns home and brings Shizuka back with him to play with the robot together, but Shizuka presses a button on the control panel that makes the robot fire a huge laser beam, resulting in the destruction of half of the city. Seeing this, they group realizes just how dangerous ""Zanda Cross"" really is, so they decide to return to the real world and forget about ever finding the robot. However, Nobita forgot about the bowling ball-like orb he brought back with him, which has been sending telepathic messages to a mysterious girl named Lilulu. She is the owner of Zanda Cross, and is looking to reclaim it. Following the orb\'s messages, she seeks out Nobita, who accidentally lets slip that he knows about the robot. Lilulu proceeds to']"
48,41,48_twist_scandalous_bunt_clive,"['twist', 'scandalous', 'bunt', 'clive', 'mr', 'arouses', 'locket', 'cruelly', 'bumble', 'orphan']","['TITLE: Oliver!\nGENRES: Crime Fiction, Childhood Drama, Musical, Drama, Family Film, Musical Drama\nYEAR: 1968\n\nPLOT FRAGMENT (2/8):\nrise out of him. Oliver attacks Noah and Mrs. Sowerberry forces him into a coffin while Noah fetches Mr. Bumble. Oliver is too angry to be intimidated by Mr. Bumble and Bumble places the blame on not keeping Oliver on a diet of gruel. Oliver is thrown into the cellar as further punishment. Alone in the dark with a roomful of empty coffins, Oliver tearfully wonders ""Where is Love?"". While clutching the window grate, Oliver inadvertently pushes it open and he escapes. After a week on the road, Oliver reaches London, where he plans to seek his fortune. Shortly after arriving, he crosses paths with the Artful Dodger, a young thief who decides to take Oliver under his wing . Dodger leads Oliver to his home, a hideout for a group of young pickpockets run by the criminal Fagin. Oliver naively believes the handkerchiefs and wallets they\'ve stolen are ""made"" by them and Fagin and the boys play along for their amusement. He then helps the boys practice their stealing while reiterating his belief that ""You\'ve Got to Pick a Pocket or Two"" to get by. Once the boys go to sleep, Fagin sneaks off to meet with Bill Sikes, a dangerous thief with whom he makes his deals. Sikes\' girlfriend, Nancy,', ""TITLE: Oliver Twist\nGENRES: Crime Fiction, Drama\nYEAR: 1982\n\nPLOT FRAGMENT (3/7):\nbreaking his nose. Sowerberry rushes in and after learning what caused the fracas, takes Claypole's side and tells Oliver he will be returned to the workhouse the following day. Oliver waits until later that evening and then sneaks out. He roams the streets that evening until he arrives in the market town of Barnet , where he is met by the Artful Dodger . Aware of Oliver's plight as he too is an orphan, the Artful Dodger offers Oliver lodgings from his benefactor. Oliver agrees, unaware of what he has got himself into. Oliver is now part of a band of thieves, overseen by Fagin , a kindly Jewish man of dark features. Among Fagin's group are Bill Sikes , a drunk who oversees the orphan thieves, and Nancy, an attractive young woman often used for sexual favors, and frequently abused by Bill. She takes a liking to Oliver and tries to help him, but for this, she is eventually viciously murdered by Bill. Oliver is made aware of his true purpose with Fagin when he is expected to work as a pickpocket. Sikes forces Oliver to help him burglarize a home in the countryside. The boy is shot in the process. An elderly man, Mr Brownlow, along with his niece Rose Maylie and housekeeper, Mrs."", ""TITLE: Oliver Twist\nGENRES: Crime Fiction, Family Film, Drama, Adventure, Film adaptation\nYEAR: 1948\n\nPLOT FRAGMENT (2/3):\nmob and arrested. Fortunately, a witness clears him. Mr. Brownlow takes a liking to the boy, and gives him a home. Oliver experiences the kind of happy life he has never had before, under the care of Mr. Brownlow and the loving housekeeper, Mrs. Bedwin . Meanwhile, Fagin is visited by the mysterious Monks , who has a strong interest in Oliver. He sends Monks to Bumble and Mrs. Corney ; Monks buys from them the only thing that can identify Oliver's parentage, a locket containing his mother's portrait. By chance, Fagin's associate, the vicious Bill Sikes , and Sikes' kind-hearted girlfriend  Nancy  run into Oliver on the street and forcibly take him back to Fagin. Nancy feels pangs of guilt and, seeing a poster in which Mr. Brownlow offers a reward for Oliver's return, contacts the gentleman and promises to deliver Oliver the next day. The suspicious Fagin, however, has had the Dodger follow her. When Fagin informs Sikes, the latter becomes enraged and murders her, mistakenly believing that she has betrayed him. The killing brings down the wrath of the public on the gang. Mr. Brownlow and the authorities rescue Oliver, while Sikes is shot and, because the rope is still around his""]"
49,41,49_lucky_luck_unlucky_lottery,"['lucky', 'luck', 'unlucky', 'lottery', 'fortune', 'bingo', 'gambler', 'jill', 'fairy', 'gambling']","['TITLE: Hard Luck\nGENRES: Thriller, Crime Fiction, Action, Drama, Action/Adventure\nYEAR: 2006\n\nPLOT FRAGMENT (1/3):\nThe confusion begins when Lucky  is released from prison and tries to lead a respectable life despite his troubled past. Lucky once or twice reflects on the wisdom of his grandfather who supposedly told him ""sometimes without bad luck, it would seem you don\'t have any luck at all."" This theme is supposed to be manifested throughout the film. Shortly after his release from prison, Lucky tries to get back on his feet but inexplicably ends up a victim of Hurricane Katrina\'s wrath, and loses his newly found life. After moving back to New York, Lucky is dealt another blow when the government withdraws funds for his yoga and samba dance classes which he uses to try to keep kids off of the streets. This unfortunate event leads to Lucky enduring the bad influences of two old friends from his past life as a criminal, who lure Lucky to a strip club under the false pretense of a friend\'s birthday. When a drug deal with some dangerous mobsters goes bad, Lucky is now on the run with a feisty Puerto Rican stripper from the strip club, Angie , and over $500,000 in American currency, which is wired with marking dye. Throughout the film, there are short cuts of an unconventional and troubled', ""TITLE: Lucky Jordan\nGENRES: Crime Fiction, Drama, Comedy\nYEAR: 1942\n\nPLOT FRAGMENT (2/4):\nhis office. Slip tells him about some foreigners who are paying him plenty of money to sabotage the American war effort. He even takes credit  for the burning of the SS Normandie, even though he had nothing to do with it. It turns that the two goons Lucky encountered were after papers dealing with secret new tank armor. The trio head back to look for the papers. When Lucky finds them, Slip pulls a gun on him. Fortunately, Lucky is able to knock Slip out; Jill persuades him not to kill the helpless Slip. Still, for $50,000, Lucky is willing to pass along the papers. He phones Slip to arrange an exchange. Annie warns him that Slip has set up a trap, and offers to hide him at her place. Lucky is willing to try selling out his country again, but he is spotted by Slip's men. They follow him back to his hideout. While he is out, they beat Annie up, but she tells them nothing. When Lucky gets back, he checks out where he hid the papers; the thugs  knock him out and take them. From a slim clue, Lucky tracks the spy ring to Kilpatrick Gardens on Long Island. He sneaks around and finds Slip and Kilpatrick  with the papers. He manages to grab them and race away. All the exits are locked and"", 'TITLE: Lucky You\nGENRES: Sports, Romantic drama, Romance Film, Drama, Comedy\nYEAR: 2006\n\nPLOT FRAGMENT (2/4):\nJack , Huck goes to Suzanne\'s place hoping for a loan. Instead he runs into Billie, who gets a call confirming that she has landed a job singing at a club. Huck proposes a celebration and at Binion\'s Horseshoe he shows her how to play poker. L.C. arrives and shows Huck a wedding ring of Huck\'s late mother\'s that Huck had pawned and that L.C. has redeemed. Huck loses his winnings. Over dinner, he explains to Billie that his father stole from his mother before leaving her. Huck says his father taught him how to play on the kitchen table with ""pennies, nickels, and dimes."" They make love after dinner. As Billie sleeps, Huck steals money from Billie\'s purse. Huck plays in a ""super satellite"" for his entry to the main event. He appears to have the seat won, but a misdeal costs him. Roy agrees to stake Huck and even gives him an extra $1200 so that he can repay Billie. He apologizes to her, saying he feels they have a chance at something special. They later run into L.C., who wins all of Huck\'s stake money for the World Series in a quick poker game. Billie holds the stopwatch in a golfing marathon that Huck must complete in 3 hours to win a bet. She declines to cheat for him when he']"
50,41,50_josh_benjamin_ben_barn,"['josh', 'benjamin', 'ben', 'barn', 'sunken', 'incident', 'donnelly', 'case', 'toronto', 'divulges']","[""TITLE: The Curious Case of Benjamin Button\nGENRES: Romantic drama, Film adaptation, Mystery, Period piece, Fantasy, Fantasy Drama, Drama, Romance Film\nYEAR: 2008\n\nPLOT FRAGMENT (3/5):\nupon a sunken U.S. transport and the bodies of hundreds of American troops. While surveying the carnage, a German submarine surfaces. Knowing his duty, Mike steers the tugboat full speed towards the sub while a German gunner fires on the tugboat, killing most of the crew including Mike. The tugboat then rams the submarine, causing it to explode, sinking both vessels. The next day Benjamin and one other crew member are picked up by ships of the U.S. Navy. In May 1945, Benjamin returns to New Orleans, and learns that 21-year-old Daisy has become a successful ballet dancer. Benjamin again crosses paths with Thomas Button, who, terminally ill, reveals that he is Benjamin's father. Thomas wills Benjamin his possessions before he dies. Daisy's dance career is ended in Paris in 1957, when she is hit by a taxi cab and breaks her leg. When Benjamin goes to see her, Daisy is amazed at his youthful appearance, but frustrated at her own injuries; she tells him to stay out of her life. In 1962, Daisy returns to New Orleans and reunites with Benjamin. Now of comparable physical age, they fall in love and move in together. Daisy gives birth to a girl, Caroline in 1968, when Benjamin's 49."", 'TITLE: Swimfan\nGENRES: Thriller, Drama, Suspense, Teen, Psychological thriller\nYEAR: 2002\n\nPLOT FRAGMENT (2/4):\ndrugs five years ago, which led to crime and six months in juvenile hall, which ""saved him"" because he ultimately realized his passion and talent for swimming. Although Ben tries to end the date, Madison convinces him to go to the pool. Her aggressive flirtation lures Ben in, and despite his initial hesitancy, the two end up having sex. However, both agree to remain friends and agree not to discuss their steamy encounter with anyone. The next night, Ben goes to a party at Amy\'s house. Amy introduces Ben to her new friend, who turns out to be Madison. The two pretend to have not met one another yet. Shortly after, Madison begins to obsess over Ben - she stops by his house to meet his mom and bombards Ben with e-mails and instant messages. Ben realizes her unhealthy behavior and furiously demands that she leave him alone. Ben\'s lying begins to eat at him, and he decides he will confess his infidelity to Amy, but Madison tells Amy first. Madison begins dating Ben\'s rival teammate, Josh. Right before their biggest swim competition, Ben is disqualified for having steroids in his urine. Ben is outraged and suspects that Madison had convinced Josh to set him up. Ben confronts Josh about', ""TITLE: The Curious Case of Benjamin Button\nGENRES: Romantic drama, Film adaptation, Mystery, Period piece, Fantasy, Fantasy Drama, Drama, Romance Film\nYEAR: 2008\n\nPLOT FRAGMENT (2/5):\nand a 7-year old Benjamin attend church; he physically appears 77. Learning to walk, Ben declares that moment a miracle, as written in his diary; the priest has a sudden, fatal heart attack. In November 1930, 12-year-old Benjamin, having exchanged a wheelchair for crutches, befriends six-year-old Daisy, whose grandmother lives in the nursing home. As Benjamin's body grows younger, he accepts work on a tugboat. Benjamin also meets Thomas Button, who does not reveal that he is Benjamin's father. In 1936, Benjamin leaves New Orleans with the tugboat crew for a long-term work engagement. He eventually finds himself in Murmansk, where he starts an affair with Elizabeth Abbott, wife of the British Trade Minister. In 1941, while the tugboat crew is still in Russia, Japan attacks the U.S. at Pearl Harbor, thrusting America into World War II. Mike, the captain, volunteers the boat to be a ship in the U.S. Navy and the crew is assigned to scrap collection duty. During a patrol, the tugboat stumbles upon a sunken U.S. transport and the bodies of hundreds of American troops. While surveying the carnage, a German submarine surfaces. Knowing his duty, Mike steers the tugboat full speed towards""]"
51,39,51_apocalypse_horror_doomsday_evil,"['apocalypse', 'horror', 'doomsday', 'evil', 'zombies', 'zombie', 'alice', 'nemesis', 'angela', 'survivors']","['TITLE: Resident Evil: Retribution\nGENRES: Thriller, Science Fiction, Horror, Adventure, History, Action\nYEAR: 2012\n\nPLOT FRAGMENT (2/6):\nIt is later revealed that this ""Alice"" is actually a clone of Alice created by Umbrella for a virus outbreak simulation. In the next scene, the real Alice awakens in an Umbrella base, having been captured at the Arcadia. Jill interrogates Alice, who unsuccessfully pleads with her to remember her true identity. During an unexpected power failure, Alice escapes from her cell. After battling a laser grid defense measure and horde of zombies from a Tokoyo simulation, Alice encounters Ada Wong , an associate of Albert Wesker . Ada explains that she and Wesker no longer work for Umbrella. Wesker appears and, seeming to have redeemed himself, reveals that the Red Queen is now controlling what remains of Umbrella and he plans to aid Alice\'s escape and battle the base\'s programs, in order to save what\'s left of mankind. Ada also reveals that the base is underwater and serves as a testing ground for experiments. Additionally, Wesker has organized a team of freelance operatives to infiltrate the base and help Alice and Ada escape, including Leon S. Kennedy , Barry Burton , and Luther West . Leon\'s team plants explosives near the entrance of the base, which will detonate in two hours and trap', ""TITLE: Resident Evil: Apocalypse\nGENRES: Thriller, Science Fiction, Horror, World cinema, Doomsday film, Sci-Fi Horror, Zombie Film, Action\nYEAR: 2004\n\nPLOT FRAGMENT (5/6):\ncrashes. As the helicopter falls, a metal pole comes loose and is flung towards Angela. Alice moves in front of Angela and is impaled, saving her. Some hours after the explosion, Umbrella employees locate the helicopter's crash site, deep in the Arklay Mountains. There, they find Alice's body, badly burned. The others are nowhere to be found. Umbrella employees take her body. The media shows that Terri's footage has been shown to the press, saying that Umbrella released the zombies and the T-virus. Umbrella denies this, arguing that it is a hoax. Umbrella promotes a fake story about a nuclear power plant explosion near the city. The media announce that Jill and Carlos are wanted by the police for questioning. Three weeks later, in the midwest Umbrella research facility, Alice awakens. Led by Umbrella scientist Dr. Isaacs , the doctors begin questioning her. Soon she recalls events from Raccoon City and before. She realizes that the doctor who appeared in her visions is Dr. Isaacs. She attacks him, and fights her way out of the facility. She makes her way outside only to be surrounded by more Umbrella guards holding her at gunpoint. Suddenly, Jill, Carlos, Angela, and L.J. pull up,"", ""TITLE: Resident Evil: Extinction\nGENRES: Thriller, Science Fiction, Horror, Sci-Fi Horror, Zombie Film, Action\nYEAR: 2007\n\nPLOT FRAGMENT (5/7):\norders. Most of the convoy, including Chase and Mikey, are killed in the ambush and Carlos is infected by L.J. as he turns. Umbrella tries to shut Alice down remotely, but she breaks free from their programming and continues to fight. She finds and kills the Umbrella team at the scene and Isaacs becomes infected as he flees. Alice and K-Mart use Isaacs' computer to track the helicopter's flight path, leading to Umbrella's underground location. The convoy arrives at the site, which is surrounded by infected. Carlos begins to slowly succumb to the virus, and he sacrifices himself by plowing his truck into the infected mob and blowing them up, giving Alice and Claire time to load survivors into the helicopter. Alice decides to stay behind. She finds the pit full of her clones, and determined, enters the facility. Ordered by Wesker to liquidate Isaacs, Slater finds him locked in his lab, injecting himself with massive doses of anti-virus in an attempt to counteract the infection, which causes him to mutate from overdosing. Slater shoots Dr. Isaacs, triggering his mutation into a powerful Tyrant, and he devours Slater instantly. Issacs kills all the facility employees, but the""]"
52,39,52_sinbad_mythological_dragon_tales,"['sinbad', 'mythological', 'dragon', 'tales', 'alina', 'harem', 'bagdad', 'murad', 'caliph', 'fantasy']","[""TITLE: The 7th Voyage of Sinbad\nGENRES: Fantasy Adventure, Adventure, Stop motion, Costume drama, Action/Adventure, Fantasy, Mythological Fantasy, Family Film, Action\nYEAR: 1958\n\nPLOT FRAGMENT (3/5):\nsouth of Colossa madden the crew, and the ship is in danger of being dashed upon the rocks, after which sea-serpents will devour the sailors. One of the mutineers releases Sinbad so he can save the ship and the leader of the mutineers falls from the mast. On the island of Colossa, Sinbad, Sokurah and some of the sailors enter the valley of the Cyclops where they find the treasure but are attacked by the monster. Sokurah focuses on getting the magic lamp and ignores the pleas of his comrades. Sinbad manages to blind the cyclops and leads it off a cliff to its death. Still needing Sokurah to guide him, Sinbad takes possession of the lamp. Parisa enters the lamp where she finds the unhappy boy genie Barani . He shows her an inscription inside the lamp of how he can be freed and tells her the words to summon him in return for her promise to free him. The party reaches the nest of the two-headed roc, just before a giant hatchling emerges from its shell. Some of the men break open the egg and slay it as they feel hungry, which incites an attack by the infuriated parent. Meanwhile, Sokurah kills Sinbad's faithful lieutenant Harufa when he prevents him from getting the lamp. Sinbad"", ""TITLE: Sinbad of the Seven Seas\nGENRES: Fantasy Adventure, Adventure, Action/Adventure, Fantasy, Mythological Fantasy, Sword and sorcery films\nYEAR: 1989\n\nPLOT FRAGMENT (2/3):\nthe location of the four sacred gems of Basra. Then, he sails to an island and finds the gem by himself, he destroys a towering rock monster and retrieves the gem. Jaffar is joined by another ally, Soukra, a sorceress, and they prepare Jaffar's scheming plan. The second gem is on the island of the Amazons, the Amazons hypnotise Sinbad's crew and the Queen takes Sinbad with her. The Bald Cook and Poochie the dwarf save Sinbad and retrieves the second gem, the Queen's necklace. Next, Sinbad and his team head to the Isle of the Dead, where they battle Ghost Knights who have risen from the dead to fulfill their destiny. Sinbad goes for the Ghost King while his companions battle the Knights. Jaffar casts Sinbad's ship and his crew in the middle of the sea, leaving the sailor alone on the Isle of the Dead. Jaffar gives life to the Ghost King using his evil powers, and it weakens Sinbad, but he resists and destroys the Ghost King with his own sword and takes the third sacred gem. Later, Sinbad meets Kira, and her father, Nadir the wizard, two survivors on the Isle of the Dead who came there on a flying balloon. Sinbad agrees to help them get rid of the vicious monsters of the island and"", ""TITLE: Sinbad of the Seven Seas\nGENRES: Fantasy Adventure, Adventure, Action/Adventure, Fantasy, Mythological Fantasy, Sword and sorcery films\nYEAR: 1989\n\nPLOT FRAGMENT (1/3):\nIn the city of Basra, the evil vizier Jaffar has clouded the caliph's mind and imprisoned his daughter, Princess Alina in order to marry her. Jaffar has four of the town's five sacred gems sent to dangerous and evil places where they will be carefully guarded by magical forces. Sinbad and his crew arrive at the caliph's palace, only to be captured by the hypnotised soldiers. Jaffar sentences Sinbad's crew to the torture chamber while the mighty sailor is to be locked in a pit full of snakes. Sinbad gets out of the snake pit using some snakes tied together into a rope and later rescues his companions from the torture chamber. As they flee the controlled Basra, Jaffar grants power from evil forces to help him kill Sinbad, this summons an evil cloud over Sinbad's ship and the Legions of Darkness, undead warriors. Together with the help of his friends, Sinbad manages to defeat the undead and the leader. Sinbad heads to a mysterious island to seek the help of a wise Oracle, who tells them the location of the four sacred gems of Basra. Then, he sails to an island and finds the gem by himself, he destroys a towering rock monster and retrieves the gem. Jaffar is joined by another ally,""]"
53,38,53_maya_rekha_himalayan_necklace,"['maya', 'rekha', 'himalayan', 'necklace', 'anjali', 'prem', 'mohan', 'anand', 'din', 'nuptial']","['TITLE: Diamond Necklace\nGENRES: Thriller\nYEAR: 2012\n\nPLOT FRAGMENT (2/4):\nSavithri. Maya\'s fiancee Deepak leaves her due to her illness,leaving Maya depressed. While moving Maya\'s belongings to the ward, Arun notices a diamond necklace. One day, Arun comes to know through Venu a laborer who is from his town in Kerala, that his mother is not well. But, Arun cannot leave the country due to his creditors. He gets to meet Mr. Narayanan,who also happens to be from his place. Through Narayanan\'s influence, Arun is granted permission to leave the country. When he arrives in India, he is tricked into marriage to Narayanan\'s niece, Rajasree . Rajasree is a typical ""village"" girl who has no clue about city life. When he comes back he finds out his friend\'s family has returned and he can no longer stay with him. He then goes searching for a space, but finds that he does not have enough money to pay the advance. He moves to the labor camp with where Venu is staying. Lakshmi eventually comes to know that Arun is married and puts an end to their relationship. Then finally,he ends up staying with Maya,who was apparently searching for a person to share her spacious flat. Arun and Maya develop a liking for each other. Maya was unaware of the fact that Arun is married.', ""TITLE: Diamond Necklace\nGENRES: Thriller\nYEAR: 2012\n\nPLOT FRAGMENT (3/4):\nends up staying with Maya,who was apparently searching for a person to share her spacious flat. Arun and Maya develop a liking for each other. Maya was unaware of the fact that Arun is married. Savithri forces Arun to vacate Maya's flat and bring Rajasree to Dubai. Maya happens to see Arun and Rajasree together in a mall. This leaves Maya mentally shocked and her illness further aggravates and injecting morphine,a pain reliever,is the only option. Upon Maya's request, to relieve her pain, Arun injects an excess dose of morphine. Arun, to pay off his dues steals Maya's diamond necklace and replaces it with a fake one. Meanwhile Maya admits that she is sorry to have entered into Arun's life and falls asleep. Rajasree, on finding the diamond necklace, thinks it is her birthday gift from her husband Arun. Maya develops complications of the overdose and narrowly escapes death. Lakshmi,who was on duty at that time and had injected an initial dose of the pain reliever,was dismissed from duty. Maya leaves the hospital leaving a gift cover with Savithri to be given to Rajasree by her husband, Arun. When Arun opens the cover the gift eventually turns out to be the fake diamond necklace that"", ""TITLE: Woh Saat Din\nGENRES: Family Film, Drama, Comedy\nYEAR: 1983\n\nPLOT FRAGMENT (1/2):\nMaya  attempts suicide on the day of her nuptial night. Dr. Anand , Maya's husband, who is apparently a doctor, treats her, and finds out that she attempted suicide. When Maya gains conscience, she confirms her secret to Dr. Anand: she didn't want to get married and was forced. The story moves to a flashback, where a new singer, Prem  and his sidekick  come to Maya's house. It is love at first sight for Maya as she falls for the naive, innocent Prem. However, Prem, aspiring to be a true musician, rejects Maya's advances. Furthermore, Prem also in love with Maya, but believes that he isn't worthy of her. They declare their love for each other, and plan to elope, but destiny has other plans in store for Maya and Prem. On the day of their elopement, the two lovers are caught by Maya's parents. As a result, Prem and his sidekick are kicked out of the house and Maya is forced to wed Dr. Anand. The movie moves to the present, where Dr. Anand confides in her that he only married her due to his ill mother. Dr. Anand promises to unite the two lovers after his mother's death. During the time of her stay, Maya gets attached to Dr. Anand's daughter. Meanwhile, Dr. Anand searches for Prem and""]"
54,38,54_helen_novels_gypsy_mrs,"['helen', 'novels', 'gypsy', 'mrs', 'jane', 'miss', 'novel', 'bessie', 'screenplay', 'bertha']","[""TITLE: Jane Eyre\nGENRES: World cinema, Costume drama, Period piece, Drama, Film adaptation, Romantic drama, Romance Film\nYEAR: 1996\n\nPLOT FRAGMENT (1/2):\nJane Eyre  is the plain, impoverished young woman who is hired by Mr. Rochester  through Mrs. Fairfax  to work as a governess for Adele . Despite her mild unprepossessing manner more like a nun, Jane has strong internal passions and shows her strength in character in expressing her opinions and showing resolve in times of trouble. Rochester is the Byronic anti-hero who is tortured and tormented by family troubles, past injustices and secrets. Rochester and Jane find an affinity for each other and fall in love. The marriage date is set. What she does not realize is that she must share the estate  with his wife, Bertha ([[Maria Schneider , who is mentally ill and kept locked away in an upstairs attic with a nurse, Grace Poole . The marriage is stopped by Bertha's brother Richard Mason  and lawyer Briggs . Jane flees, her world crashing down is a nightmare. She recovers in the parsonage of her original aunt's home, discovers she is now a wealthy woman inheriting her long-lost uncle's fortune in Madeira. She gets a proposal of marriage from Parson St. John Rivers but her heart and soul is with Rochester. She goes back to find Thornfield Hall burnt down but Rochester is crippled and"", ""TITLE: Jane Eyre\nGENRES: Romantic drama, Romance Film, Drama, Period piece, Film adaptation\nYEAR: 2011\n\nPLOT FRAGMENT (3/6):\nawoken by a strange noise at her door, to find that Mr. Rochester's room is on fire, which the two of them manage to extinguish. He thanks her for saving his life and holds her hand affectionately. The next day, Rochester leaves Thornfield to visit Lady Blanche Ingram, his future wife; he brings her back to Thornfield with him a few weeks later. When a man named Richard Mason, of Spanish Town, Jamaica, shows up, Jane can see that Rochester is disturbed. That night, a scream awakens everyone. Rochester assures his guests it is just a servant's reaction to a nightmare, but after they go back to their rooms, he has Jane secretly tend a bleeding Mason, while he fetches a doctor. Rochester has the doctor take Mason away. Jane receives a letter from her old nurse, Bessie. Jane's cousin, John Reed, has committed suicide, the news of which has so shocked his mother, Sarah Reed, that it has brought on a stroke. Apparently, Mrs. Reed has been asking to see Jane. Jane returns to Gateshead, where her dying aunt shows her a letter from Jane's paternal uncle, John Eyre, asking for her to go to live with him in Madeira. He wants to adopt Jane and bequeath her at his death. Jane notices that the"", ""TITLE: Jane Eyre\nGENRES: Romantic drama, Romance Film, Drama, Period piece, Film adaptation\nYEAR: 2011\n\nPLOT FRAGMENT (4/6):\nher dying aunt shows her a letter from Jane's paternal uncle, John Eyre, asking for her to go to live with him in Madeira. He wants to adopt Jane and bequeath her at his death. Jane notices that the letter was dated three years ago. Mrs. Reed admits to telling her uncle that Jane had died of typhus at Lowood School. She tells Jane that she  has been cursed by her. Jane forgives her aunt and returns to Thornfield, where she begins corresponding with John Eyre. Jane informs Rochester that she must leave Thornfield, due to his impending marriage to Blanche Ingram. But Rochester suddenly proclaims his love for Jane and proposes to her; they kiss passionately. However, during the wedding ceremony, Mr. Mason appears, along with a lawyer, declaring that Mr. Rochester cannot marry Jane, because he is still married to Mr. Mason’s sister, Bertha; he adds that his sister is still living at Thornfield Hall. Mr. Rochester admits this is true and takes Jane to meet his wife, calling her his own demon; they find her locked away in a room at Thornfield. Rochester tells Jane that his father wanted him to marry Bertha for her money. Once they were married, he discovered that she was rapidly""]"
55,35,55_boxer_boxers_boxing_fighter,"['boxer', 'boxers', 'boxing', 'fighter', 'fights', 'fighters', 'fight', 'heavyweight', 'knockout', 'bout']","[""TITLE: The Fighter\nGENRES: Sports, Biographical film, Biography, Drama, Boxing\nYEAR: 2010\n\nPLOT FRAGMENT (4/5):\nactual match, Micky is nearly overwhelmed at the beginning but, remembering his brother's advice, alters his strategy and is eventually triumphant; he earns the title shot for which his opponent was being groomed. Upon his release from prison, Dicky and his mother go to see Micky train. Assuming things are as they were, Dicky prepares to spar with his brother, but Micky informs him that he's no longer allowed per Micky's agreement with his current team. In the ensuing argument, in which Micky chastises both factions of his family, Charlene and his trainer leave in disgust. Micky and Dicky spar, brought to an abrupt end when Micky knocks Dicky down. Dicky storms off, presumably to get high again, and Alice chides Micky, only to be sobered when he tells her that she has always favored Dicky. Dicky returns to his crack house, where he says goodbye to his friends and heads to Charlene's apartment. He tells her that Micky needs both of them and they need to work together. After bringing everyone back together, the group goes to London for the title fight. Micky scores another upset victory and the welterweight title. The film jumps a few years ahead, with Dicky, as talkative as ever,"", 'TITLE: The Fighter\nGENRES: Sports, Biographical film, Biography, Drama, Boxing\nYEAR: 2010\n\nPLOT FRAGMENT (1/5):\nMicky Ward  is an American welterweight boxer from Lowell, Massachusetts. Managed by his mother, Alice Ward , and trained by his older half-brother, Dicky Eklund , Micky has not had a particularly successful career: He\'s become a ""stepping stone"" for other boxers to defeat on their way up. Complicating matters, Dicky, a former boxer whose peak of success was knocking Sugar Ray Leonard down in an HBO televised match, has fallen apart since his early success, becoming addicted to crack cocaine. He is now being filmed for an HBO documentary he believes to be about his ""comeback"". On the night of an undercard fight in Atlantic City, Micky\'s scheduled opponent is ill, and a substitute is found who is 18 pounds heavier than Micky. Despite Micky\'s reservations, his mother and brother agree to the terms so that they can all get the purse. Micky is soundly defeated by the much heavier fighter in an obvious mismatch. Frustrated with his career and embarrassed by his defeat, Micky tries to retreat from the world and forms a relationship with Charlene Fleming , a former college athlete who dropped out and became a bartender. After several weeks, Alice arranges another fight for Micky, who,', ""TITLE: The Fighter\nGENRES: Sports, Biographical film, Biography, Drama, Boxing\nYEAR: 2010\n\nPLOT FRAGMENT (3/5):\nfed up, Micky washes his hands of Dicky. On the night of the HBO documentary, Dicky's family, and Dicky himself in prison, are horrified to see it is High on Crack Street: Lost Lives in Lowell, a documentary about how crack addiction ruined Dicky's career and life. Devastated, Dicky begins training and trying to get his life together in prison. Micky is lured back into boxing by his father, who believes Alice and his stepson Dicky are bad influences. Gathering the other members of his training team and finding a new manager, Sal Lonano, they convince Micky to return to boxing with the explicit understanding that his mother and brother will no longer be involved. They place Micky in minor fights to help him regain his confidence. He is then offered another major fight against an undefeated up-and-coming boxer. During a prison visit, Dicky advises Micky on how best to work his opponent, but Micky feels his brother is being selfish and trying to restart his own failed career. During the actual match, Micky is nearly overwhelmed at the beginning but, remembering his brother's advice, alters his strategy and is eventually triumphant; he earns the title shot for which his opponent was""]"
56,35,56_luther_reformation_preacher_sermons,"['luther', 'reformation', 'preacher', 'sermons', 'preaches', 'christ', 'christian', 'bible', 'princes', 'vicar']","['TITLE: Luther\nGENRES: Christian film, Period piece, Biography, Drama\nYEAR: 1973\n\nPLOT FRAGMENT (6/8):\nfor a second time in the film. In a prayer he reminds God that the cause he is fighting is God\'s not his. He wonders if God is dead, concluding that God cannot die but only hide himself. The famous session of the Diet of Worms is portrayed when Luther appears for the second time. The inquisitor is portrayed as Johann Eck. Luther is now confronted for the fifth time by Eck, who interrupts his ""Here I Stand"" speech with the warning that the common man is so greedy as to be incited to revolt if he does not recant. Luther refuses, and the momentousness of that action is emphasized in the film. The young knight exults in the moment: if Luther wanted to he could have led a successful revolt against established authority. The knight breaks off his ardor by disgustedly stating that Luther issued a plea for the extermination of the rebels, his Against the Murderous, Thieving Hordes of Peasants. Luther is portrayed as standing before the emperor and the princes declaiming a portion of his notorious tract. The emperor and the princes walk past Luther with their swords drawn to put down the peasants. Luther is then shown wandering through a devastated marketplace where peasants had been', 'TITLE: Luther\nGENRES: Christian film, Period piece, Biography, Drama\nYEAR: 1973\n\nPLOT FRAGMENT (7/8):\nnotorious tract. The emperor and the princes walk past Luther with their swords drawn to put down the peasants. Luther is then shown wandering through a devastated marketplace where peasants had been slaughtered. He is brought once again to where he had been confronted by the young knight, who wipes blood across his surplice: Luther is confronted for the fifth time. Luther defends himself with the assertion: ""God is the butcher. Address your abuse to him."" Luther then tells the story of the Sacrifice of Isaac by Abraham, concluding that God gives life when nothing seems imminent but death. Luther is confronted for the seventh and final time by old Staupitz who has come to visit Martin and his wife Katie. Luther admits that the peasants had just cause but that as a mob they were against Christ. Staupitz is relieved to hear that Luther was not sure when he took his stand at Worms. Luther prays, ""Help my unbelief."" Katie comes in with their infant son Hans, who cannot get to sleep. Luther repeats his superstition that passing air in the devil\'s face wards him off: going from being anal retentive to being anal expulsive shows one has overcome one\'s doubts and fears. In the final scene', 'TITLE: Luther\nGENRES: Christian film, Biography, World cinema, Costume drama, Period piece, Drama, Biographical film, Political drama\nYEAR: 2003\n\nPLOT FRAGMENT (2/3):\nclose to Luther\'s town where he scares the people into buying indulgences.  In his church, Luther denounces the indulgences, calling them ""just a piece of paper."" He then posts 95 theses on the door of the church, calling for an open debate regarding the indulgences. For this act, Luther is called to Augsburg where he is questioned by the church officials. After his excommunication, Pope Leo X orders Luther to be delivered to Rome, but Frederick the Wise of Saxony protects him. Frederick and Charles V, Holy Roman Emperor decide that Luther will be tried at Worms. After his trial at Worms, Luther is forced into hiding with Frederick the Wise, while his former professor, Andreas Karlstadt, encourages the peasants to revolt against the oppressive nobles. Luther, shocked by the revolts, encourages the princes to put down the rebellion. Meanwhile, Luther translates the Bible into German. After Luther marries Katharina von Bora, Charles V summons the electors of the Holy Roman Empire to Augsburg so he can force them to outlaw Protestantism and the German Bible. The nobles refuse and Charles is forced to allow the nobles to read their confession of faith. The film ends with the following']"
57,34,57_babe_babes_pig_toyland,"['babe', 'babes', 'pig', 'toyland', 'pigs', 'toy', 'toymaker', 'fantasy', 'toys', 'animal']","['TITLE: Babe: Pig in the City\nGENRES: Adventure, World cinema, Children\'s/Family, Animal Picture, Fantasy, Comedy, Drama, Family Film, Children\'s Fantasy\nYEAR: 1998\n\nPLOT FRAGMENT (8/12):\nThe animals made a pyrimaid to climb up and reach the skylight and clambered out onto a pipe, leading across a car park to a hospital and ballroom. Esme and the landlady use a two-seater clown bike and ride to the hospital after told by Hortense where the animals are. Esme clings to the back of an ambulance and swerves round a fountain, speeding into the car park. Flealick, who got lost along the way with the others, rushes over to them, yapping. The women follow him to a door to a kitchen. A man outside, eating a burger, sees Esme and laughs at her. Esme asks if he\'s seen the animals. He mocks her by asking what kind of animals. ""A pig, cats, dogs, monkeys... that sort of thing?"" She grins sheepishly. There\'s a shatter of plates from inside the kitchen and they rush in to investigate . The chef leads them in and Esme pushes past him. He seizes her as scores of animals race through the kitchen, heading for the ballroom where a banquet in honour of the hospital is being held. Several other chefs and waiters in tuxedos and bow ties grab Esme and try to keep her out. She struggles against them and gasps as Babe dashes past. Esme wrestles herself free and darts after him. The chef', 'TITLE: Babe: Pig in the City\nGENRES: Adventure, World cinema, Children\'s/Family, Animal Picture, Fantasy, Comedy, Drama, Family Film, Children\'s Fantasy\nYEAR: 1998\n\nPLOT FRAGMENT (7/12):\na farm and has a soft spot for pigs. The man/judge clears her name by banging his gavel and yelling ""Case dismissed!"", and when Esme is done, he smiles at her in the end. She returns to the hotel and finds it empty. She ventures up the stairs, walking over the shattered vase on the landing. She turns back and bends down to look at the hoof marks left by Babe. Her dress splits down the back and Esme gasps. ""Pig!"" she whispers and creeps up the stairs, her dress torn down the seam. She comes to the room where Babe went and finds the landlady, clutching her uncle\'s clown costume. She tels Esme that her uncle died from an illness and Hortense turned the animals in. As Esme\'s only dress is ruined, the Landlady lends her uncle\'s clown costume— barrel like blue trousers held up with trouser braces that jangle and squeak as she walks and a shirt with a large red joke bow tie — and set off across the river. Esme pounds on the door until Hortense answers then asks savagely: ""Where are our animals?"". The animals made a pyrimaid to climb up and reach the skylight and clambered out onto a pipe, leading across a car park to a hospital and ballroom. Esme and the landlady use a two-seater clown', 'TITLE: Babe: Pig in the City\nGENRES: Adventure, World cinema, Children\'s/Family, Animal Picture, Fantasy, Comedy, Drama, Family Film, Children\'s Fantasy\nYEAR: 1998\n\nPLOT FRAGMENT (9/12):\nother chefs and waiters in tuxedos and bow ties grab Esme and try to keep her out. She struggles against them and gasps as Babe dashes past. Esme wrestles herself free and darts after him. The chef seizes her by her elastic braces and she rushes after Babe. She stops by the two way opening doors as the braces hold her back. The chefs all grab the braces and haul her off her feet and she flies backwards, tumbling into the chefs and waiters. Esme frees herself and she and the landlady burst into the banquet shooting fire extinguishers to keep the waiters away. All the animals except Thelonious scarper for cover. When Babe is kidnapped by a chef, the Landlady tells the chef ""That\'s not your pig!"" but another chef, who with another one, grabs her and pulls her away, telling her ""He is my pig now."" and she calls Esme warning her ""Esme! The chef got your pig!"" Esme is running from chefs behind her screeches to a halt as there is one in front of her. She sprays him with the fire-extinguisher then runs. As more come in front she realises she\'s trapped. Seeing this, she climbs to the top of the balcony and ties the elastic braces from the costume to a streamer from the chandelier. She']"
58,32,58_officers_police_felons_patrol,"['officers', 'police', 'felons', 'patrol', 'commandant', 'cadet', 'precinct', 'captain', 'mayor', 'cadets']","[""TITLE: Police Academy 3: Back in Training\nGENRES: Crime Fiction, Action/Adventure, Action, Comedy, Slapstick\nYEAR: 1986\n\nPLOT FRAGMENT (1/4):\nThe film begins in a large garage structure, where Cpt. Proctor  and Commandant Mauser  meet up with former Police Academy cadets,  Chad Copeland ([[Scott Thomson  and Kyle Blankes . It seems one of the two Police Academy schools is getting the axe due to the state government's unwillingness to finance two academies, and Mauser wants Copeland and Blankes to make sure Lassard screws up. The men agree to the plan, knowing this may be their only chance at revenge. After the governor's speech in which he will appoint a committee to evaluate which of the two schools should remain open, Mauser starts getting an edge by kissing up to the governor , Commandant Lassard  gets an idea on how to win: along with now Sgt. Jones  and Lt. Callahan , he calls back Sgt. Mahoney , Sgt. Hightower , and Sgt. Tackleberry  to help train the new recruits. Among the new recruits are Sgt. Fackler's wife , Sweetchuck , Zed , Karen Adams , and Tackleberry's brother-in-law Bud Kirkland . Tomoko Nogata  is a recruit of Mauser's academy, but decides to put him in with Lassard's academy instead. After a few weeks of recruiting, Nogata is lovestruck over Callahan, and Sweetchuck contemplates quitting after his"", 'TITLE: Police Academy 4: Citizens on Patrol\nGENRES: Action/Adventure, Crime Fiction, Action, Comedy, Slapstick\nYEAR: 1987\n\nPLOT FRAGMENT (2/4):\ndo well in their training, Mrs. Feldman excelling in firing Tackleberry\'s .44 Magnum. In training for water safety and drowning victim rescue, Zed ""rescues"" a cadet but experiences a personal loss of his no longer functioning watch, and mourns the death of the cartoon character inside of it saying it was the last thing he ever stole before joining the academy. Through his loss Zed gains a love interest, Laura , a reporter/photographer who has come to the academy to view Lassard\'s COP program and takes a fancy to Zed. Unfortunately Harris ruins the moment and insults Zed and Laura, which causes Zed to replace Harris\'s deoderant with mace. In the next scene while Zed instructs the volunteers on the very important matter of how to correctly eat a donut, Harris is seen wearing a medical device suspending his arms in the air. Despite the pranks played upon him during the various training exercises the volunteers take, Harris is determined to make the Citizens on Patrol program fail. Jones learns that volunteers House, Kyle, and Arnie believe themselves ready to go out and catch criminals, so Jones, Mahoney, Hightower, and Tackleberry play a prank on the boys to make them take their', 'TITLE: Police Academy 4: Citizens on Patrol\nGENRES: Action/Adventure, Crime Fiction, Action, Comedy, Slapstick\nYEAR: 1987\n\nPLOT FRAGMENT (1/4):\nCommandant Eric Lassard  decides that the police force is overworked and understaffed, so he comes up with the idea of recruiting civilian volunteers to work side-by-side with his officers in a program called ""Citizens On Patrol"" . Carey Mahoney  and his friends Moses Hightower , Larvell Jones , Eugene Tackleberry , Zed , Sweetchuck , Laverne Hooks , and Debbie Callahan  are in charge of training the civilians. The civilians include the enormous Tommy ""House"" Conklin , gung-ho senior citizen Lois Feldman , and skateboarding delinquents Kyle  and Arnie . Captain Thaddeus Harris  believes ""the concept of citizens doing police work is asinine"" and plans to take over Lassard\'s job, and that\'s why Harris is determined to see the COP program fail. When Lassard leaves on an overseas conference, Harris, along with his right hand man Lt. Proctor , are put in charge of the academy and Harris immediately plots to make the COP volunteers quit and leave the police work to the officers. The volunteers do well in their training, Mrs. Feldman excelling in firing Tackleberry\'s .44 Magnum. In training for water safety and drowning victim rescue, Zed ""rescues"" a cadet but experiences a personal loss']"
